"root","file","ra","dec","srcid","msamet","slitid","grating","exptime","wmin","wmax","sn50","flux50","ctime","version","References","nRef","zfit","z","grade","reviewer","comment","thumb","slit_thumb","FITS","fnu","flam","has_v3","flam_v3"
"abell2744-greene-v4","abell2744-greene-v4_g395m-f290lp_8204_45092.spec.fits","3.566923","-30.347273","45092","jw08204001001_01_msa.fits","118","G395M_F290LP","8753.3","2.69","5.5","37.8","9.097","2025-11-06 15:11:20.296","0.9.13.dev13+g833a53735","-","0","3.4605","3.4605","3","Auto","Redshift matches abell2744-greene-v4_prism-clear_8204_45092 z=3.4650","","","FITS   d2d","","","0",""
"abell2744-greene-v4","abell2744-greene-v4_prism-clear_8204_45092.spec.fits","3.566923","-30.347273","45092","jw08204001001_01_msa.fits","118","PRISM_CLEAR","2188.3","1.27","5.5","57","8.625","2025-11-06 15:11:10.400","0.9.13.dev13+g833a53735","-","0","3.465","3.465","3","GBr","big break with lines","","","FITS   d2d","","","0",""
"abell2744-greene-v4","abell2744-greene-v4_g235m-f170lp_8204_45092.spec.fits","3.566923","-30.347273","45092","jw08204001001_01_msa.fits","118","G235M_F170LP","35013.3","1.61","4.43","45.8","7.592","2025-11-06 15:11:16.124","0.9.13.dev13+g833a53735","-","0","3.4605","3.4605","3","Auto","Redshift matches abell2744-greene-v4_prism-clear_8204_45092 z=3.4650","","","FITS   d2d","","","0",""
"abell2744-greene-v4","abell2744-greene-v4_g235m-f170lp_8204_b217.spec.fits","3.53654602","-30.34615517","217","jw08204001001_01_msa.fits","217","G235M_F170LP","35013.3","1.61","4.58","38.1","5.504","2025-11-06 13:55:13.561","0.9.13.dev13+g833a53735","-","0","","","-1","","","","","FITS   d2d","","","0",""
"abell2744-greene-v4","abell2744-greene-v4_g395m-f290lp_8204_45924.spec.fits","3.58476007","-30.34362753","45924","jw08204001001_01_msa.fits","43","G395M_F290LP","8753.3","2.8","5.5","25.2","4.296","2025-11-06 14:27:11.606","0.9.13.dev13+g833a53735","RNa24  z=N/A","1","4.4633","4.4633","3","Auto","Redshift matches abell2744-greene-v4_prism-clear_8204_45924 z=4.4634","","","FITS   d2d","","","0",""
"abell2744-greene-v4","abell2744-greene-v4_prism-clear_8204_45924.spec.fits","3.58476007","-30.34362753","45924","jw08204001001_01_msa.fits","43","PRISM_CLEAR","2188.3","0.55","5.5","31.9","4.089","2025-11-06 14:26:51.602","0.9.13.dev13+g833a53735","RNa24  z=N/A","1","4.47","4.4634","3","GBr","interactive fit -1 189 1.3 21 monster LRD","","","FITS   d2d","","","0",""
"abell2744-greene-v4","abell2744-greene-v4_g235m-f170lp_8204_45924.spec.fits","3.58476007","-30.34362753","45924","jw08204001001_01_msa.fits","43","G235M_F170LP","35013.3","1.71","3.86","25.3","2.663","2025-11-06 14:27:00.586","0.9.13.dev13+g833a53735","RNa24  z=N/A","1","4.4633","4.4633","3","Auto","Redshift matches abell2744-greene-v4_prism-clear_8204_45924 z=4.4634","","","FITS   d2d","","","0",""
"abell2744-greene-v4","abell2744-greene-v4_g395m-f290lp_8204_37777.spec.fits","3.54299987","-30.37759212","37777","jw08204001001_01_msa.fits","168","G395M_F290LP","8753.3","2.69","5.5","4.2","0.714","2025-11-06 14:04:39.858","0.9.13.dev13+g833a53735","-","0","2.4095","2.4095","3","Auto","Redshift matches abell2744-greene-v4_prism-clear_8204_37777 z=2.4095","","","FITS   d2d","","","0",""
"abell2744-greene-v4","abell2744-greene-v4_g395m-f290lp_8204_42811.spec.fits","3.5237622","-30.37256979","42811","jw08204001001_01_msa.fits","264","G395M_F290LP","8753.3","2.69","5.5","1.2","0.669","2025-11-06 13:51:54.398","0.9.13.dev13+g833a53735","RNa24  z=3.974","1","3.9843","3.9843","3","Auto","Redshift matches abell2744-greene-v4_prism-clear_8204_42811 z=3.9977","","","FITS   d2d","","","0",""
"abell2744-greene-v4","abell2744-greene-v4_g235m-f170lp_8204_37777.spec.fits","3.54299987","-30.37759212","37777","jw08204001001_01_msa.fits","168","G235M_F170LP","35013.3","1.61","4.58","3.9","0.661","2025-11-06 14:04:32.702","0.9.13.dev13+g833a53735","-","0","2.4095","2.4095","3","Auto","Redshift matches abell2744-greene-v4_prism-clear_8204_37777 z=2.4095","","","FITS   d2d","","","0",""
"abell2744-greene-v4","abell2744-greene-v4_prism-clear_8204_37777.spec.fits","3.54299987","-30.37759212","37777","jw08204001001_01_msa.fits","168","PRISM_CLEAR","2188.3","0.55","5.5","7.1","0.657","2025-11-06 14:04:23.218","0.9.13.dev13+g833a53735","-","0","2.4095","2.4095","3","GBr","balmer break low EW in prism but Ha in grating","","","FITS   d2d","","","0",""
"abell2744-greene-v4","abell2744-greene-v4_prism-clear_8204_42811.spec.fits","3.5237622","-30.37256979","42811","jw08204001001_01_msa.fits","264","PRISM_CLEAR","2188.3","0.55","5.5","2.9","0.631","2025-11-06 13:51:48.354","0.9.13.dev13+g833a53735","RNa24  z=3.974","1","3.9977","3.9977","3","GBr","red and extended","","","FITS   d2d","","","0",""
"abell2744-greene-v4","abell2744-greene-v4_g235m-f170lp_8204_51172.spec.fits","3.53648972","-30.35728195","51172","jw08204001001_01_msa.fits","216","G235M_F170LP","35013.3","1.61","4.58","2.1","0.59","2025-11-06 14:51:54.170","0.9.13.dev13+g833a53735","-","0","3.4675","3.4675","3","Auto","Redshift matches abell2744-greene-v4_prism-clear_8204_51172 z=3.4682","","","FITS   d2d","","","0",""
"abell2744-greene-v4","abell2744-greene-v4_g395m-f290lp_8204_51971.spec.fits","3.58823507","-30.35569227","51971","jw08204001001_01_msa.fits","21","G395M_F290LP","8753.3","2.69","5.5","2.4","0.536","2025-11-06 14:01:32.451","0.9.13.dev13+g833a53735","-","0","2.3588","2.3588","3","Auto","Redshift matches abell2744-greene-v4_prism-clear_8204_51971 z=2.3618","","","FITS   d2d","","","0",""
"abell2744-greene-v4","abell2744-greene-v4_g235m-f170lp_8204_51971.spec.fits","3.58823507","-30.35569227","51971","jw08204001001_01_msa.fits","21","G235M_F170LP","35013.3","1.6","3.72","3.2","0.52","2025-11-06 14:01:24.699","0.9.13.dev13+g833a53735","-","0","2.3584","2.3584","3","Auto","Redshift matches abell2744-greene-v4_prism-clear_8204_51971 z=2.3618","","","FITS   d2d","","","0",""
"abell2744-greene-v4","abell2744-greene-v4_prism-clear_8204_50051.spec.fits","3.54310129","-30.36053303","50051","jw08204001001_01_msa.fits","175","PRISM_CLEAR","2188.3","0.55","5.5","8.9","0.489","2025-11-06 14:25:41.375","0.9.13.dev13+g833a53735","RNa24  z=2.010","1","2.0192","2.0192","3","GBr","","","","FITS   d2d","","","0",""
"abell2744-greene-v4","abell2744-greene-v4_prism-clear_8204_51971.spec.fits","3.58823507","-30.35569227","51971","jw08204001001_01_msa.fits","21","PRISM_CLEAR","2188.3","0.55","5.5","5.4","0.476","2025-11-06 14:01:18.563","0.9.13.dev13+g833a53735","-","0","2.3618","2.3618","3","GBr","","","","FITS   d2d","","","0",""
"abell2744-greene-v4","abell2744-greene-v4_g395m-f290lp_8204_51172.spec.fits","3.53648972","-30.35728195","51172","jw08204001001_01_msa.fits","216","G395M_F290LP","8753.3","2.69","5.5","1.8","0.471","2025-11-06 14:52:00.738","0.9.13.dev13+g833a53735","-","0","3.4669","3.4669","3","Auto","Redshift matches abell2744-greene-v4_prism-clear_8204_51172 z=3.4682","","","FITS   d2d","","","0",""
"abell2744-greene-v4","abell2744-greene-v4_g235m-f170lp_8204_42811.spec.fits","3.5237622","-30.37256979","42811","jw08204001001_01_msa.fits","264","G235M_F170LP","35013.3","1.61","4.58","0.9","0.446","2025-11-06 13:52:03.918","0.9.13.dev13+g833a53735","RNa24  z=3.974","1","3.9843","3.9843","3","Auto","Redshift matches abell2744-greene-v4_prism-clear_8204_42811 z=3.9977","","","FITS   d2d","","","0",""
"abell2744-greene-v4","abell2744-greene-v4_g395m-f290lp_8204_33997.spec.fits","3.55219738","-30.38325636","33997","jw08204001001_01_msa.fits","136","G395M_F290LP","8753.3","2.69","5.5","1.2","0.435","2025-11-06 14:35:09.455","0.9.13.dev13+g833a53735","-","0","3.205","3.205","3","Auto","Redshift matches abell2744-greene-v4_prism-clear_8204_33997 z=3.2151","","","FITS   d2d","","","0",""
"abell2744-greene-v4","abell2744-greene-v4_g235m-f170lp_8204_33997.spec.fits","3.55219738","-30.38325636","33997","jw08204001001_01_msa.fits","136","G235M_F170LP","35013.3","1.61","4.58","1.1","0.423","2025-11-06 14:35:04.128","0.9.13.dev13+g833a53735","-","0","3.2055","3.2055","3","Auto","Redshift matches abell2744-greene-v4_prism-clear_8204_33997 z=3.2151","","","FITS   d2d","","","0",""
"abell2744-greene-v4","abell2744-greene-v4_prism-clear_8204_51172.spec.fits","3.53648972","-30.35728195","51172","jw08204001001_01_msa.fits","216","PRISM_CLEAR","2188.3","0.55","5.5","3.3","0.417","2025-11-06 14:51:46.094","0.9.13.dev13+g833a53735","-","0","3.4682","3.4682","3","GBr","","","","FITS   d2d","","","0",""
"abell2744-greene-v4","abell2744-greene-v4_prism-clear_8204_52139.spec.fits","3.54745642","-30.35601861","52139","jw08204001001_01_msa.fits","159","PRISM_CLEAR","2188.3","0.55","4.94","10.8","0.417","2025-11-06 13:57:47.548","0.9.13.dev13+g833a53735","RNa24  z=2.187","1","2.1883","2.1883","3","GBr","","","","FITS   d2d","","","0",""
"abell2744-greene-v4","abell2744-greene-v4_g395m-f290lp_8204_69688.spec.fits","3.569437","-30.348231","69688","jw08204001001_01_msa.fits","101","G395M_F290LP","8753.3","2.69","5.5","3.3","0.417","2025-11-06 14:05:44.505","0.9.13.dev13+g833a53735","RNa24  z=N/A","1","4.3079","4.3079","3","Auto","Redshift matches abell2744-greene-v4_prism-clear_8204_69688 z=4.3126","","","FITS   d2d","","","0",""
"abell2744-greene-v4","abell2744-greene-v4_g235m-f170lp_8204_35677.spec.fits","3.56230732","-30.38117956","35677","jw08204001001_01_msa.fits","130","G235M_F170LP","35013.3","1.61","4.48","1.5","0.416","2025-11-06 14:30:38.193","0.9.13.dev13+g833a53735","-","0","3.4685","3.4685","3","Auto","Redshift matches abell2744-greene-v4_prism-clear_8204_35677 z=3.4731","","","FITS   d2d","","","0",""
"abell2744-greene-v4","abell2744-greene-v4_g235m-f170lp_8204_36675.spec.fits","3.57008097","-30.37908008","36675","jw08204001001_01_msa.fits","91","G235M_F170LP","35013.3","1.61","4.23","1.1","0.416","2025-11-06 14:32:03.252","0.9.13.dev13+g833a53735","-","0","3.3781","3.3781","3","Auto","Redshift matches abell2744-greene-v4_prism-clear_8204_36675 z=3.3762","","","FITS   d2d","","","0",""
"abell2744-greene-v4","abell2744-greene-v4_prism-clear_8204_69688.spec.fits","3.569437","-30.348231","69688","jw08204001001_01_msa.fits","101","PRISM_CLEAR","2188.3","0.56","5.5","9.6","0.415","2025-11-06 14:05:28.293","0.9.13.dev13+g833a53735","RNa24  z=N/A","1","4.3126","4.3126","3","GBr","FUV lines broadened Halpha","","","FITS   d2d","","","0",""
"abell2744-greene-v4","abell2744-greene-v4_g395m-f290lp_8204_35677.spec.fits","3.56230732","-30.38117956","35677","jw08204001001_01_msa.fits","130","G395M_F290LP","8753.3","2.69","5.5","1.2","0.414","2025-11-06 14:30:28.089","0.9.13.dev13+g833a53735","-","0","3.4685","3.4685","3","Auto","Redshift matches abell2744-greene-v4_prism-clear_8204_35677 z=3.4731","","","FITS   d2d","","","0",""
"abell2744-greene-v4","abell2744-greene-v4_g395m-f290lp_8204_50051.spec.fits","3.54310129","-30.36053303","50051","jw08204001001_01_msa.fits","175","G395M_F290LP","8753.3","2.69","5.5","3.3","0.406","2025-11-06 14:25:57.807","0.9.13.dev13+g833a53735","RNa24  z=2.010","1","2.0104","2.0104","3","Auto","Redshift matches uncover-62-v4_prism-clear_2561_50051 z=2.0161","","","FITS   d2d","","","0",""
"abell2744-greene-v4","abell2744-greene-v4_g235m-f170lp_8204_58281.spec.fits","3.55264742","-30.34384184","58281","jw08204001001_01_msa.fits","140","G235M_F170LP","35013.3","1.6","4.58","2.5","0.397","2025-11-06 14:25:22.819","0.9.13.dev13+g833a53735","RNa24  z=2.583","1","2.5824","2.5824","3","Auto","Redshift matches abell2744-greene-v4_prism-clear_8204_58281 z=2.5865","","","FITS   d2d","","","0",""
"abell2744-greene-v4","abell2744-greene-v4_g235m-f170lp_8204_50051.spec.fits","3.54310129","-30.36053303","50051","jw08204001001_01_msa.fits","175","G235M_F170LP","35013.3","1.61","4.58","3.3","0.379","2025-11-06 14:25:50.335","0.9.13.dev13+g833a53735","RNa24  z=2.010","1","2.0104","2.0104","3","Auto","Redshift matches uncover-62-v4_prism-clear_2561_50051 z=2.0161","","","FITS   d2d","","","0",""
"abell2744-greene-v4","abell2744-greene-v4_g235m-f170lp_8204_52139.spec.fits","3.54745642","-30.35601861","52139","jw08204001001_01_msa.fits","159","G235M_F170LP","35013.3","1.61","4.58","1.9","0.376","2025-11-06 13:58:01.172","0.9.13.dev13+g833a53735","RNa24  z=2.187","1","2.1865","2.1865","3","Auto","Redshift matches abell2744-greene-v4_prism-clear_8204_52139 z=2.1883","","","FITS   d2d","","","0",""
"abell2744-greene-v4","abell2744-greene-v4_prism-clear_8204_35677.spec.fits","3.56230732","-30.38117956","35677","jw08204001001_01_msa.fits","130","PRISM_CLEAR","2188.3","0.55","5.5","4.2","0.375","2025-11-06 14:30:21.589","0.9.13.dev13+g833a53735","-","0","3.4731","3.4731","3","GBr","","","","FITS   d2d","","","0",""
"abell2744-greene-v4","abell2744-greene-v4_g395m-f290lp_8204_52139.spec.fits","3.54745642","-30.35601861","52139","jw08204001001_01_msa.fits","159","G395M_F290LP","8753.3","2.69","5.5","2","0.375","2025-11-06 13:57:53.208","0.9.13.dev13+g833a53735","RNa24  z=2.187","1","2.1865","2.1865","3","Auto","Redshift matches abell2744-greene-v4_prism-clear_8204_52139 z=2.1883","","","FITS   d2d","","","0",""
"abell2744-greene-v4","abell2744-greene-v4_prism-clear_8204_33997.spec.fits","3.55219738","-30.38325636","33997","jw08204001001_01_msa.fits","136","PRISM_CLEAR","2188.3","0.55","5.5","3.2","0.374","2025-11-06 14:34:51.068","0.9.13.dev13+g833a53735","-","0","3.2151","3.2151","3","GBr","maybe spatially offset line and continuum","","","FITS   d2d","","","0",""
"abell2744-greene-v4","abell2744-greene-v4_g395m-f290lp_8204_58281.spec.fits","3.55264742","-30.34384184","58281","jw08204001001_01_msa.fits","140","G395M_F290LP","8753.3","2.69","5.5","1.9","0.365","2025-11-06 14:25:29.615","0.9.13.dev13+g833a53735","RNa24  z=2.583","1","2.5824","2.5824","3","Auto","Redshift matches abell2744-greene-v4_prism-clear_8204_58281 z=2.5865","","","FITS   d2d","","","0",""
"abell2744-greene-v4","abell2744-greene-v4_g235m-f170lp_8204_69688.spec.fits","3.569437","-30.348231","69688","jw08204001001_01_msa.fits","101","G235M_F170LP","35013.3","1.61","4.35","3.6","0.364","2025-11-06 14:05:35.869","0.9.13.dev13+g833a53735","RNa24  z=N/A","1","4.3072","4.3072","3","Auto","Redshift matches abell2744-greene-v4_prism-clear_8204_69688 z=4.3126","","","FITS   d2d","","","0",""
"abell2744-greene-v4","abell2744-greene-v4_g395m-f290lp_8204_36675.spec.fits","3.57008097","-30.37908008","36675","jw08204001001_01_msa.fits","91","G395M_F290LP","8753.3","2.69","5.5","0.9","0.333","2025-11-06 14:31:55.449","0.9.13.dev13+g833a53735","-","0","3.3773","3.3773","3","Auto","Redshift matches abell2744-greene-v4_prism-clear_8204_36675 z=3.3762","","","FITS   d2d","","","0",""
"abell2744-greene-v4","abell2744-greene-v4_prism-clear_8204_58281.spec.fits","3.55264742","-30.34384184","58281","jw08204001001_01_msa.fits","140","PRISM_CLEAR","2188.3","0.55","4.78","5.9","0.315","2025-11-06 14:25:13.455","0.9.13.dev13+g833a53735","RNa24  z=2.583","1","2.5865","2.5865","3","GBr","","","","FITS   d2d","","","0",""
"abell2744-greene-v4","abell2744-greene-v4_g235m-f170lp_8204_55005.spec.fits","3.52800805","-30.3502551","55005","jw08204001001_01_msa.fits","241","G235M_F170LP","35013.3","1.61","4.58","1.1","0.297","2025-11-06 15:08:14.537","0.9.13.dev13+g833a53735","-","0","2.7349","2.7349","3","Auto","Redshift matches abell2744-greene-v4_prism-clear_8204_55005 z=2.7303","","","FITS   d2d","","","0",""
"abell2744-greene-v4","abell2744-greene-v4_g395m-f290lp_8204_55005.spec.fits","3.52800805","-30.3502551","55005","jw08204001001_01_msa.fits","241","G395M_F290LP","8753.3","2.69","5.5","1","0.296","2025-11-06 15:08:05.669","0.9.13.dev13+g833a53735","-","0","2.7349","2.7349","3","Auto","Redshift matches abell2744-greene-v4_prism-clear_8204_55005 z=2.7303","","","FITS   d2d","","","0",""
"abell2744-greene-v4","abell2744-greene-v4_prism-clear_8204_36675.spec.fits","3.57008097","-30.37908008","36675","jw08204001001_01_msa.fits","91","PRISM_CLEAR","2188.3","1.33","5.5","2.7","0.294","2025-11-06 14:31:48.905","0.9.13.dev13+g833a53735","-","0","3.4157","3.3762","3","GBr","low EW lines","","","FITS   d2d","","","0",""
"abell2744-greene-v4","abell2744-greene-v4_g235m-f170lp_8204_57414.spec.fits","3.5918375","-30.34544625","57414","jw08204001001_01_msa.fits","6","G235M_F170LP","35013.3","1.61","3.63","1.5","0.272","2025-11-06 14:23:20.043","0.9.13.dev13+g833a53735","-","0","5.0174","5.0174","3","Auto","Redshift matches abell2744-greene-v4_prism-clear_8204_57414 z=5.0139","","","FITS   d2d","","","0",""
"abell2744-greene-v4","abell2744-greene-v4_g235m-f170lp_8204_52547.spec.fits","3.56314759","-30.35467632","52547","jw08204001001_01_msa.fits","131","G235M_F170LP","35013.3","1.61","4.53","1.1","0.263","2025-11-06 13:51:43.386","0.9.13.dev13+g833a53735","RNa24  z=N/A","1","3.9634","3.9634","3","Auto","Redshift matches abell2744-greene-v4_prism-clear_8204_52547 z=3.9648","","","FITS   d2d","","","0",""
"abell2744-greene-v4","abell2744-greene-v4_g395m-f290lp_8204_52547.spec.fits","3.56314759","-30.35467632","52547","jw08204001001_01_msa.fits","131","G395M_F290LP","8753.3","2.69","5.5","1","0.259","2025-11-06 13:51:33.802","0.9.13.dev13+g833a53735","RNa24  z=N/A","1","3.9628","3.9628","3","Auto","Redshift matches abell2744-greene-v4_prism-clear_8204_52547 z=3.9648","","","FITS   d2d","","","0",""
"abell2744-greene-v4","abell2744-greene-v4_prism-clear_8204_55005.spec.fits","3.52800805","-30.3502551","55005","jw08204001001_01_msa.fits","241","PRISM_CLEAR","2188.3","0.55","5.5","2.6","0.252","2025-11-06 15:07:59.969","0.9.13.dev13+g833a53735","-","0","2.7303","2.7303","3","GBr","","","","FITS   d2d","","","0",""
"abell2744-greene-v4","abell2744-greene-v4_g395m-f290lp_8204_55595.spec.fits","3.52895771","-30.35158941","55595","jw08204001001_01_msa.fits","237","G395M_F290LP","8753.3","2.69","5.5","1.5","0.25","2025-11-06 14:30:36.769","0.9.13.dev13+g833a53735","-","0","2.1544","2.1544","3","Auto","Redshift matches abell2744-greene-v4_prism-clear_8204_55595 z=2.1534","","","FITS   d2d","","","0",""
"abell2744-greene-v4","abell2744-greene-v4_g235m-f170lp_8204_50253.spec.fits","3.58421332","-30.35850463","50253","jw08204001001_01_msa.fits","42","G235M_F170LP","35013.3","1.69","3.84","0.9","0.241","2025-11-06 14:21:22.424","0.9.13.dev13+g833a53735","-","0","","","-1","","","","","FITS   d2d","","","0",""
"abell2744-greene-v4","abell2744-greene-v4_g235m-f170lp_8204_55595.spec.fits","3.52895771","-30.35158941","55595","jw08204001001_01_msa.fits","237","G235M_F170LP","35013.3","1.61","4.58","1.7","0.235","2025-11-06 14:30:30.557","0.9.13.dev13+g833a53735","-","0","2.1544","2.1544","3","Auto","Redshift matches abell2744-greene-v4_prism-clear_8204_55595 z=2.1534","","","FITS   d2d","","","0",""
"abell2744-greene-v4","abell2744-greene-v4_prism-clear_8204_55595.spec.fits","3.52895771","-30.35158941","55595","jw08204001001_01_msa.fits","237","PRISM_CLEAR","2188.3","0.55","5.5","3.5","0.222","2025-11-06 14:30:21.153","0.9.13.dev13+g833a53735","-","0","2.1521","2.1534","3","GBr","balmer break halpha in grating","","","FITS   d2d","","","0",""
"abell2744-greene-v4","abell2744-greene-v4_g395m-f290lp_8204_59317.spec.fits","3.5630054","-30.34147876","59317","jw08204001001_01_msa.fits","134","G395M_F290LP","8753.3","2.69","5.5","1.7","0.217","2025-11-06 14:03:49.858","0.9.13.dev13+g833a53735","-","0","3.4569","3.4569","3","Auto","Redshift matches abell2744-greene-v4_prism-clear_8204_59317 z=3.4632","","","FITS   d2d","","","0",""
"abell2744-greene-v4","abell2744-greene-v4_g395m-f290lp_8204_57252.spec.fits","3.58165686","-30.34652334","57252","jw08204001001_01_msa.fits","52","G395M_F290LP","8753.3","2.96","5.5","0.9","0.209","2025-11-06 13:43:47.761","0.9.13.dev13+g833a53735","-","0","2.3588","2.3588","3","Auto","Redshift matches abell2744-greene-v4_prism-clear_8204_57252 z=2.3632","","","FITS   d2d","","","0",""
"abell2744-greene-v4","abell2744-greene-v4_g235m-f170lp_8204_57252.spec.fits","3.58165686","-30.34652334","57252","jw08204001001_01_msa.fits","52","G235M_F170LP","35013.3","1.8","3.96","1.2","0.204","2025-11-06 13:43:51.337","0.9.13.dev13+g833a53735","-","0","2.3584","2.3584","3","Auto","Redshift matches abell2744-greene-v4_prism-clear_8204_57252 z=2.3632","","","FITS   d2d","","","0",""
"abell2744-greene-v4","abell2744-greene-v4_prism-clear_8204_52654.spec.fits","3.58765778","-30.35491042","52654","jw08204001001_01_msa.fits","30","PRISM_CLEAR","2188.3","0.55","5.5","1.5","0.2","2025-11-06 13:52:26.298","0.9.13.dev13+g833a53735","-","0","3.5484","3.5484","3","GBr","extended","","","FITS   d2d","","","0",""
"abell2744-greene-v4","abell2744-greene-v4_g235m-f170lp_8204_51371.spec.fits","3.52860936","-30.3564484","51371","jw08204001001_01_msa.fits","238","G235M_F170LP","35013.3","1.6","4.58","1","0.199","2025-11-06 14:49:06.583","0.9.13.dev13+g833a53735","RNa24  z=N/A","1","6.2044","6.2044","3","Auto","Redshift matches abell2744-greene-v4_prism-clear_8204_51371 z=6.2065","","","FITS   d2d","","","0",""
"abell2744-greene-v4","abell2744-greene-v4_prism-clear_8204_57252.spec.fits","3.58165686","-30.34652334","57252","jw08204001001_01_msa.fits","52","PRISM_CLEAR","2188.3","0.55","5.5","3.7","0.198","2025-11-06 13:43:44.045","0.9.13.dev13+g833a53735","-","0","2.3631","2.3632","3","GBr","","","","FITS   d2d","","","0",""
"abell2744-greene-v4","abell2744-greene-v4_g235m-f170lp_8204_59317.spec.fits","3.5630054","-30.34147876","59317","jw08204001001_01_msa.fits","134","G235M_F170LP","35013.3","1.61","4.58","1.8","0.189","2025-11-06 14:03:41.382","0.9.13.dev13+g833a53735","-","0","3.4575","3.4575","3","Auto","Redshift matches abell2744-greene-v4_prism-clear_8204_59317 z=3.4632","","","FITS   d2d","","","0",""
"abell2744-greene-v4","abell2744-greene-v4_prism-clear_8204_59317.spec.fits","3.5630054","-30.34147876","59317","jw08204001001_01_msa.fits","134","PRISM_CLEAR","2188.3","3.09","5.5","2.9","0.189","2025-11-06 14:03:32.930","0.9.13.dev13+g833a53735","-","0","3.4633","3.4632","3","GBr","","","","FITS   d2d","","","0",""
"abell2744-greene-v4","abell2744-greene-v4_g235m-f170lp_8204_37165.spec.fits","3.54963264","-30.37844575","37165","jw08204001001_01_msa.fits","144","G235M_F170LP","35013.3","1.6","4.58","0.8","0.187","2025-11-06 14:41:44.345","0.9.13.dev13+g833a53735","-","0","3.7443","3.7443","3","Auto","Redshift matches abell2744-greene-v4_prism-clear_8204_37165 z=3.7444","","","FITS   d2d","","","0",""
"abell2744-greene-v4","abell2744-greene-v4_g395m-f290lp_8204_57506.spec.fits","3.54824516","-30.34530438","57506","jw08204001001_01_msa.fits","158","G395M_F290LP","8753.3","2.69","5.5","0.9","0.186","2025-11-06 14:10:01.020","0.9.13.dev13+g833a53735","-","0","3.4681","3.4681","3","Auto","Redshift matches abell2744-greene-v4_prism-clear_8204_57506 z=3.4834","","","FITS   d2d","","","0",""
"abell2744-greene-v4","abell2744-greene-v4_g395m-f290lp_8204_53710.spec.fits","3.58591324","-30.35226836","53710","jw08204001001_01_msa.fits","40","G395M_F290LP","8753.3","2.7","5.5","1.3","0.184","2025-11-06 15:00:28.251","0.9.13.dev13+g833a53735","-","0","2.2417","","-1","","","","","FITS   d2d","","","0",""
"abell2744-greene-v4","abell2744-greene-v4_g235m-f170lp_8204_53710.spec.fits","3.58591324","-30.35226836","53710","jw08204001001_01_msa.fits","40","G235M_F170LP","35013.3","1.65","3.8","1.7","0.18","2025-11-06 15:00:35.855","0.9.13.dev13+g833a53735","-","0","2.2417","","-1","","","","","FITS   d2d","","","0",""
"abell2744-greene-v4","abell2744-greene-v4_g395m-f290lp_8204_52654.spec.fits","3.58765778","-30.35491042","52654","jw08204001001_01_msa.fits","30","G395M_F290LP","8753.3","2.69","5.5","0.4","0.18","2025-11-06 13:52:31.794","0.9.13.dev13+g833a53735","-","0","3.5505","3.5505","3","Auto","Redshift matches abell2744-greene-v4_prism-clear_8204_52654 z=3.5484","","","FITS   d2d","","","0",""
"abell2744-greene-v4","abell2744-greene-v4_g235m-f170lp_8204_b36.spec.fits","3.58613582","-30.35986774","36","jw08204001001_01_msa.fits","36","G235M_F170LP","35013.3","1.62","3.77","2.8","0.175","2025-11-06 14:50:02.639","0.9.13.dev13+g833a53735","-","0","","","-1","","","","","FITS   d2d","","","0",""
"abell2744-greene-v4","abell2744-greene-v4_g235m-f170lp_8204_34482.spec.fits","3.58685359","-30.38225749","34482","jw08204001001_01_msa.fits","22","G235M_F170LP","35013.3","1.61","3.69","1.4","0.171","2025-11-06 14:24:10.535","0.9.13.dev13+g833a53735","-","0","","","-1","","","","","FITS   d2d","","","0",""
"abell2744-greene-v4","abell2744-greene-v4_g235m-f170lp_8204_57506.spec.fits","3.54824516","-30.34530438","57506","jw08204001001_01_msa.fits","158","G235M_F170LP","35013.3","1.61","4.58","0.9","0.168","2025-11-06 14:10:09.284","0.9.13.dev13+g833a53735","-","0","3.4681","3.4681","3","Auto","Redshift matches abell2744-greene-v4_prism-clear_8204_57506 z=3.4834","","","FITS   d2d","","","0",""
"abell2744-greene-v4","abell2744-greene-v4_g395m-f290lp_8204_38631.spec.fits","3.56168703","-30.37638766","38631","jw08204001001_01_msa.fits","132","G395M_F290LP","8753.3","2.69","5.5","0.6","0.168","2025-11-06 14:43:31.473","0.9.13.dev13+g833a53735","-","0","2.5437","2.5437","3","Auto","Redshift matches abell2744-greene-v4_prism-clear_8204_38631 z=2.5473","","","FITS   d2d","","","0",""
"abell2744-greene-v4","abell2744-greene-v4_prism-clear_8204_53710.spec.fits","3.58591324","-30.35226836","53710","jw08204001001_01_msa.fits","40","PRISM_CLEAR","2188.3","0.55","5.5","3.2","0.163","2025-11-06 15:00:22.171","0.9.13.dev13+g833a53735","-","0","2.2589","2.2589","3","GBr","","","","FITS   d2d","","","0",""
"abell2744-greene-v4","abell2744-greene-v4_g235m-f170lp_8204_b211.spec.fits","3.53830101","-30.34055461","211","jw08204001001_01_msa.fits","211","G235M_F170LP","35013.3","1.61","4.58","0.8","0.162","2025-11-06 14:10:04.724","0.9.13.dev13+g833a53735","-","0","","","-1","","","","","FITS   d2d","","","0",""
"abell2744-greene-v4","abell2744-greene-v4_prism-clear_8204_b236.spec.fits","3.52939331","-30.34488225","236","jw08204001001_01_msa.fits","236","PRISM_CLEAR","2188.3","0.55","5.5","1.3","0.157","2025-11-06 14:43:51.069","0.9.13.dev13+g833a53735","-","0","0.2946","0.2946","2","GBr","","","","FITS   d2d","","","0",""
"abell2744-greene-v4","abell2744-greene-v4_prism-clear_8204_57506.spec.fits","3.54824516","-30.34530438","57506","jw08204001001_01_msa.fits","158","PRISM_CLEAR","2188.3","0.55","5.5","2.3","0.154","2025-11-06 14:09:54.980","0.9.13.dev13+g833a53735","-","0","3.4834","3.4834","3","GBr","low EW lines","","","FITS   d2d","","","0",""
"abell2744-greene-v4","abell2744-greene-v4_prism-clear_8204_38631.spec.fits","3.56168703","-30.37638766","38631","jw08204001001_01_msa.fits","132","PRISM_CLEAR","2188.3","0.55","5.5","1.8","0.154","2025-11-06 14:43:25.301","0.9.13.dev13+g833a53735","-","0","2.5473","2.5473","3","GBr","","","","FITS   d2d","","","0",""
"abell2744-greene-v4","abell2744-greene-v4_g235m-f170lp_8204_38631.spec.fits","3.56168703","-30.37638766","38631","jw08204001001_01_msa.fits","132","G235M_F170LP","35013.3","1.6","4.51","0.6","0.152","2025-11-06 14:43:40.065","0.9.13.dev13+g833a53735","-","0","2.5432","2.5432","3","Auto","Redshift matches abell2744-greene-v4_prism-clear_8204_38631 z=2.5473","","","FITS   d2d","","","0",""
"abell2744-greene-v4","abell2744-greene-v4_g395m-f290lp_8204_34482.spec.fits","3.58685359","-30.38225749","34482","jw08204001001_01_msa.fits","22","G395M_F290LP","8753.3","2.69","5.5","0.8","0.15","2025-11-06 14:24:03.467","0.9.13.dev13+g833a53735","-","0","","","-1","","","","","FITS   d2d","","","0",""
"abell2744-greene-v4","abell2744-greene-v4_g395m-f290lp_8204_57414.spec.fits","3.5918375","-30.34544625","57414","jw08204001001_01_msa.fits","6","G395M_F290LP","8753.3","2.69","5.5","0.5","0.141","2025-11-06 14:23:26.795","0.9.13.dev13+g833a53735","-","0","5.0174","5.0174","3","Auto","Redshift matches abell2744-greene-v4_prism-clear_8204_57414 z=5.0139","","","FITS   d2d","","","0",""
"abell2744-greene-v4","abell2744-greene-v4_g395m-f290lp_8204_37165.spec.fits","3.54963264","-30.37844575","37165","jw08204001001_01_msa.fits","144","G395M_F290LP","8753.3","2.69","5.5","0.6","0.137","2025-11-06 14:41:35.893","0.9.13.dev13+g833a53735","-","0","3.7443","3.7443","3","Auto","Redshift matches abell2744-greene-v4_prism-clear_8204_37165 z=3.7444","","","FITS   d2d","","","0",""
"abell2744-greene-v4","abell2744-greene-v4_g235m-f170lp_8204_29024.spec.fits","3.5896569","-30.39434864","29024","jw08204001001_01_msa.fits","7","G235M_F170LP","35013.3","1.61","3.56","0.6","0.13","2025-11-06 14:20:07.005","0.9.13.dev13+g833a53735","JRi20  z=3.975","1","3.983","3.983","3","Auto","Redshift matches abell2744-greene-v4_prism-clear_8204_29024 z=3.9887","","","FITS   d2d","","","0",""
"abell2744-greene-v4","abell2744-greene-v4_prism-clear_8204_50253.spec.fits","3.58421332","-30.35850463","50253","jw08204001001_01_msa.fits","42","PRISM_CLEAR","2188.3","0.55","5.5","1.7","0.13","2025-11-06 14:21:10.056","0.9.13.dev13+g833a53735","-","0","3.0653","3.0653","2","GBr","","","","FITS   d2d","","","0",""
"abell2744-greene-v4","abell2744-greene-v4_g395m-f290lp_8204_29024.spec.fits","3.5896569","-30.39434864","29024","jw08204001001_01_msa.fits","7","G395M_F290LP","8753.3","2.69","5.5","0.5","0.129","2025-11-06 14:20:00.937","0.9.13.dev13+g833a53735","JRi20  z=3.975","1","3.983","3.983","3","Auto","Redshift matches abell2744-greene-v4_prism-clear_8204_29024 z=3.9887","","","FITS   d2d","","","0",""
"abell2744-greene-v4","abell2744-greene-v4_g235m-f170lp_8204_53409.spec.fits","3.54659392","-30.35315436","53409","jw08204001001_01_msa.fits","163","G235M_F170LP","35013.3","1.61","4.58","0.8","0.125","2025-11-06 14:11:06.299","0.9.13.dev13+g833a53735","-","0","3.6784","3.6784","3","Auto","Redshift matches abell2744-greene-v4_prism-clear_8204_53409 z=3.6804","","","FITS   d2d","","","0",""
"abell2744-greene-v4","abell2744-greene-v4_g395m-f290lp_8204_34740.spec.fits","3.54248006","-30.38402581","34740","jw08204001001_01_msa.fits","170","G395M_F290LP","8753.3","2.69","5.5","0.6","0.123","2025-11-06 13:57:05.232","0.9.13.dev13+g833a53735","RNa24  z=N/A","1","3.9654","3.9654","3","Auto","Redshift matches abell2744-greene-v4_prism-clear_8204_34740 z=3.9698","","","FITS   d2d","","","0",""
"abell2744-greene-v4","abell2744-greene-v4_g395m-f290lp_8204_23608.spec.fits","3.542815","-30.380646","23608","jw08204001001_01_msa.fits","167","G395M_F290LP","8753.3","2.69","5.5","1","0.119","2025-11-06 14:45:26.732","0.9.13.dev13+g833a53735","RNa24  z=5.792","1","5.7928","5.7928","3","Auto","Redshift matches abell2744-greene-v4_prism-clear_8204_23608 z=5.7997","","","FITS   d2d","","","0",""
"abell2744-greene-v4","abell2744-greene-v4_g235m-f170lp_8204_34740.spec.fits","3.54248006","-30.38402581","34740","jw08204001001_01_msa.fits","170","G235M_F170LP","35013.3","1.61","4.58","0.7","0.119","2025-11-06 13:57:14.044","0.9.13.dev13+g833a53735","RNa24  z=N/A","1","3.9654","3.9654","3","Auto","Redshift matches abell2744-greene-v4_prism-clear_8204_34740 z=3.9698","","","FITS   d2d","","","0",""
"abell2744-greene-v4","abell2744-greene-v4_prism-clear_8204_50743.spec.fits","3.58789659","-30.35755482","50743","jw08204001001_01_msa.fits","24","PRISM_CLEAR","2188.3","0.55","5.5","1.5","0.113","2025-11-06 14:10:50.192","0.9.13.dev13+g833a53735","-","0","2.5636","2.5636","3","GBr","","","","FITS   d2d","","","0",""
"abell2744-greene-v4","abell2744-greene-v4_prism-clear_8204_37165.spec.fits","3.54963264","-30.37844575","37165","jw08204001001_01_msa.fits","144","PRISM_CLEAR","2188.3","0.55","5.5","1.4","0.112","2025-11-06 14:41:29.549","0.9.13.dev13+g833a53735","-","0","3.6273","3.7444","3","GBr","lines in grating","","","FITS   d2d","","","0",""
"abell2744-greene-v4","abell2744-greene-v4_g235m-f170lp_8204_60010.spec.fits","3.54701294","-30.37528773","60010","jw08204001001_01_msa.fits","154","G235M_F170LP","35013.3","1.61","4.58","0.9","0.112","2025-11-06 14:55:01.129","0.9.13.dev13+g833a53735","-","0","3.521","","-1","","","","","FITS   d2d","","","0",""
"abell2744-greene-v4","abell2744-greene-v4_prism-clear_8204_59773.spec.fits","3.55093026","-30.34041486","59773","jw08204001001_01_msa.fits","147","PRISM_CLEAR","2188.3","0.55","5.15","1.3","0.111","2025-11-06 14:07:01.729","0.9.13.dev13+g833a53735","-","0","2.5647","2.5647","3","GBr","","","","FITS   d2d","","","0",""
"abell2744-greene-v4","abell2744-greene-v4_g395m-f290lp_8204_50253.spec.fits","3.58421332","-30.35850463","50253","jw08204001001_01_msa.fits","42","G395M_F290LP","8753.3","2.77","5.5","0.4","0.111","2025-11-06 14:21:15.892","0.9.13.dev13+g833a53735","-","0","","","-1","","","","","FITS   d2d","","","0",""
"abell2744-greene-v4","abell2744-greene-v4_g395m-f290lp_8204_53409.spec.fits","3.54659392","-30.35315436","53409","jw08204001001_01_msa.fits","163","G395M_F290LP","8753.3","2.69","5.5","0.6","0.109","2025-11-06 14:10:55.280","0.9.13.dev13+g833a53735","-","0","3.6778","3.6778","3","Auto","Redshift matches abell2744-greene-v4_prism-clear_8204_53409 z=3.6804","","","FITS   d2d","","","0",""
"abell2744-greene-v4","abell2744-greene-v4_g395m-f290lp_8204_b36.spec.fits","3.58613582","-30.35986774","36","jw08204001001_01_msa.fits","36","G395M_F290LP","8753.3","2.69","5.5","1.2","0.109","2025-11-06 14:50:08.571","0.9.13.dev13+g833a53735","-","0","","","-1","","","","","FITS   d2d","","","0",""
"abell2744-greene-v4","abell2744-greene-v4_g395m-f290lp_8204_50743.spec.fits","3.58789659","-30.35755482","50743","jw08204001001_01_msa.fits","24","G395M_F290LP","8753.3","2.69","5.5","0.4","0.107","2025-11-06 14:10:56.576","0.9.13.dev13+g833a53735","-","0","2.5581","2.5581","3","Auto","Redshift matches abell2744-greene-v4_prism-clear_8204_50743 z=2.5636","","","FITS   d2d","","","0",""
"abell2744-greene-v4","abell2744-greene-v4_g235m-f170lp_8204_36343.spec.fits","3.53402631","-30.379538","36343","jw08204001001_01_msa.fits","220","G235M_F170LP","35013.3","1.61","4.58","0.4","0.106","2025-11-06 15:11:44.527","0.9.13.dev13+g833a53735","-","0","3.4718","3.4718","3","Auto","Redshift matches abell2744-greene-v4_prism-clear_8204_36343 z=3.4704","","","FITS   d2d","","","0",""
"abell2744-greene-v4","abell2744-greene-v4_g395m-f290lp_8204_60010.spec.fits","3.54701294","-30.37528773","60010","jw08204001001_01_msa.fits","154","G395M_F290LP","8753.3","2.69","5.5","0.8","0.105","2025-11-06 14:54:51.733","0.9.13.dev13+g833a53735","-","0","3.5053","","-1","","","","","FITS   d2d","","","0",""
"abell2744-greene-v4","abell2744-greene-v4_prism-clear_8204_55358.spec.fits","3.56447982","-30.35021847","55358","jw08204001001_01_msa.fits","128","PRISM_CLEAR","2188.3","2.76","5.5","0.9","0.105","2025-11-06 14:30:19.069","0.9.13.dev13+g833a53735","-","0","4.3115","4.3115","1","GBr","","","","FITS   d2d","","","0",""
"abell2744-greene-v4","abell2744-greene-v4_g395m-f290lp_8204_b155.spec.fits","3.54660789","-30.38124003","155","jw08204001001_01_msa.fits","155","G395M_F290LP","8753.3","2.69","5.5","0.5","0.103","2025-11-06 14:01:03.915","0.9.13.dev13+g833a53735","-","0","","","-1","","","","","FITS   d2d","","","0",""
"abell2744-greene-v4","abell2744-greene-v4_g395m-f290lp_8204_31269.spec.fits","3.59086779","-30.38825364","31269","jw08204001001_01_msa.fits","2","G395M_F290LP","8753.3","2.69","5.5","0.5","0.103","2025-11-06 15:00:42.943","0.9.13.dev13+g833a53735","-","0","3.4702","3.4702","3","Auto","Redshift matches abell2744-greene-v4_prism-clear_8204_31269 z=3.4771","","","FITS   d2d","","","0",""
"abell2744-greene-v4","abell2744-greene-v4_g235m-f170lp_8204_27389.spec.fits","3.53326494","-30.39521111","27389","jw08204001001_01_msa.fits","219","G235M_F170LP","35013.3","1.61","4.58","0.7","0.102","2025-11-06 14:45:54.036","0.9.13.dev13+g833a53735","-","0","2.5833","2.5833","3","Auto","Redshift matches abell2744-greene-v4_prism-clear_8204_27389 z=2.5829","","","FITS   d2d","","","0",""
"abell2744-greene-v4","abell2744-greene-v4_g395m-f290lp_8204_36343.spec.fits","3.53402631","-30.379538","36343","jw08204001001_01_msa.fits","220","G395M_F290LP","8753.3","2.69","5.5","0.4","0.102","2025-11-06 15:11:39.047","0.9.13.dev13+g833a53735","-","0","3.4709","3.4709","3","Auto","Redshift matches abell2744-greene-v4_prism-clear_8204_36343 z=3.4704","","","FITS   d2d","","","0",""
"abell2744-greene-v4","abell2744-greene-v4_prism-clear_8204_23608.spec.fits","3.542815","-30.380646","23608","jw08204001001_01_msa.fits","167","PRISM_CLEAR","2188.3","0.55","5.5","2.5","0.102","2025-11-06 14:45:15.004","0.9.13.dev13+g833a53735","RNa24  z=5.792","1","5.7997","5.7997","3","GBr","broadened Halpha","","","FITS   d2d","","","0",""
"abell2744-greene-v4","abell2744-greene-v4_g235m-f170lp_8204_52654.spec.fits","3.58765778","-30.35491042","52654","jw08204001001_01_msa.fits","30","G235M_F170LP","35013.3","1.6","3.74","0.3","0.098","2025-11-06 13:52:38.282","0.9.13.dev13+g833a53735","-","0","3.5505","3.5505","3","Auto","Redshift matches abell2744-greene-v4_prism-clear_8204_52654 z=3.5484","","","FITS   d2d","","","0",""
"abell2744-greene-v4","abell2744-greene-v4_g235m-f170lp_8204_39831.spec.fits","3.58530823","-30.37468319","39831","jw08204001001_01_msa.fits","38","G235M_F170LP","35013.3","1.61","3.76","0.7","0.097","2025-11-06 15:10:53.256","0.9.13.dev13+g833a53735","-","0","3.4088","3.4088","3","Auto","Redshift matches abell2744-greene-v4_prism-clear_8204_39831 z=3.4038","","","FITS   d2d","","","0",""
"abell2744-greene-v4","abell2744-greene-v4_g395m-f290lp_8204_32053.spec.fits","3.58753247","-30.38685387","32053","jw08204001001_01_msa.fits","18","G395M_F290LP","8753.3","2.69","5.5","0.4","0.097","2025-11-06 15:00:35.379","0.9.13.dev13+g833a53735","RNa24  z=N/A","1","6.3233","6.3233","3","Auto","Redshift matches abell2744-greene-v4_prism-clear_8204_32053 z=6.3253","","","FITS   d2d","","","0",""
"abell2744-greene-v4","abell2744-greene-v4_g395m-f290lp_8204_27389.spec.fits","3.53326494","-30.39521111","27389","jw08204001001_01_msa.fits","219","G395M_F290LP","8753.3","2.69","5.5","0.6","0.096","2025-11-06 14:45:39.244","0.9.13.dev13+g833a53735","-","0","2.5838","2.5838","3","Auto","Redshift matches abell2744-greene-v4_prism-clear_8204_27389 z=2.5829","","","FITS   d2d","","","0",""
"abell2744-greene-v4","abell2744-greene-v4_prism-clear_8204_29024.spec.fits","3.5896569","-30.39434864","29024","jw08204001001_01_msa.fits","7","PRISM_CLEAR","2188.3","0.55","5.5","1.1","0.096","2025-11-06 14:19:55.169","0.9.13.dev13+g833a53735","JRi20  z=3.975","1","3.9887","3.9887","3","GBr","","","","FITS   d2d","","","0",""
"abell2744-greene-v4","abell2744-greene-v4_g235m-f170lp_8204_45372.spec.fits","3.54285968","-30.37295774","45372","jw08204001001_01_msa.fits","171","G235M_F170LP","35013.3","1.61","4.58","0.6","0.096","2025-11-06 14:41:31.073","0.9.13.dev13+g833a53735","-","0","2.6079","2.6079","3","Auto","Redshift matches abell2744-greene-v4_prism-clear_8204_45372 z=2.6070","","","FITS   d2d","","","0",""
"abell2744-greene-v4","abell2744-greene-v4_g395m-f290lp_8204_48580.spec.fits","3.54323162","-30.36141455","48580","jw08204001001_01_msa.fits","173","G395M_F290LP","8753.3","2.69","5.5","0.5","0.095","2025-11-06 13:53:20.602","0.9.13.dev13+g833a53735","-","0","3.4691","3.4691","3","Auto","Redshift matches abell2744-greene-v4_prism-clear_8204_48580 z=3.4677","","","FITS   d2d","","","0",""
"abell2744-greene-v4","abell2744-greene-v4_prism-clear_8204_b155.spec.fits","3.54660715","-30.38125471","155","jw08204001001_01_msa.fits","155","PRISM_CLEAR","2188.3","0.55","5.5","1.6","0.095","2025-11-06 14:00:58.715","0.9.13.dev13+g833a53735","-","0","1.0748","1.0748","2","GBr","","","","FITS   d2d","","","0",""
"abell2744-greene-v4","abell2744-greene-v4_prism-clear_8204_34740.spec.fits","3.54248006","-30.38402581","34740","jw08204001001_01_msa.fits","170","PRISM_CLEAR","2188.3","0.55","5.5","1.4","0.094","2025-11-06 13:56:58.996","0.9.13.dev13+g833a53735","RNa24  z=N/A","1","3.9698","3.9698","3","GBr","","","","FITS   d2d","","","0",""
"abell2744-greene-v4","abell2744-greene-v4_g235m-f170lp_8204_b155.spec.fits","3.54660789","-30.38124003","155","jw08204001001_01_msa.fits","155","G235M_F170LP","35013.3","1.61","4.58","0.6","0.093","2025-11-06 14:01:12.423","0.9.13.dev13+g833a53735","-","0","","","-1","","","","","FITS   d2d","","","0",""
"abell2744-greene-v4","abell2744-greene-v4_g235m-f170lp_8204_52465.spec.fits","3.54265576","-30.35462893","52465","jw08204001001_01_msa.fits","177","G235M_F170LP","35013.3","1.6","4.58","0.7","0.092","2025-11-06 14:37:03.743","0.9.13.dev13+g833a53735","RNa24  z=N/A","1","4.4787","4.4787","3","Auto","Redshift matches abell2744-greene-v4_prism-clear_8204_52465 z=4.4809","","","FITS   d2d","","","0",""
"abell2744-greene-v4","abell2744-greene-v4_prism-clear_8204_27389.spec.fits","3.53326494","-30.39521111","27389","jw08204001001_01_msa.fits","219","PRISM_CLEAR","2188.3","0.55","5.5","1.5","0.091","2025-11-06 14:45:32.448","0.9.13.dev13+g833a53735","-","0","2.5829","2.5829","3","GBr","low EW lines","","","FITS   d2d","","","0",""
"abell2744-greene-v4","abell2744-greene-v4_g395m-f290lp_8204_41225.spec.fits","3.533994","-30.353308","41225","jw08204001001_01_msa.fits","222","G395M_F290LP","8753.3","2.69","5.23","0.6","0.091","2025-11-06 14:07:09.793","0.9.13.dev13+g833a53735","RNa24  z=N/A ;  DKo24  z=6.760 ;  ILa23  z=N/A","3","6.7674","6.7674","3","Auto","Redshift matches abell2744-greene-v4_prism-clear_8204_41225 z=6.7732","","","FITS   d2d","","","0",""
"abell2744-greene-v4","abell2744-greene-v4_g395m-f290lp_8204_b65.spec.fits","3.57620596","-30.38985953","65","jw08204001001_01_msa.fits","65","G395M_F290LP","8753.3","2.69","5.5","0.3","0.09","2025-11-06 14:22:49.920","0.9.13.dev13+g833a53735","-","0","","","-1","","","","","FITS   d2d","","","0",""
"abell2744-greene-v4","abell2744-greene-v4_prism-clear_8204_57414.spec.fits","3.5918375","-30.34544625","57414","jw08204001001_01_msa.fits","6","PRISM_CLEAR","2188.3","0.55","5.5","1.2","0.088","2025-11-06 14:23:13.751","0.9.13.dev13+g833a53735","-","0","5.0139","5.0139","3","GBr","","","","FITS   d2d","","","0",""
"abell2744-greene-v4","abell2744-greene-v4_g395m-f290lp_8204_31011.spec.fits","3.58710401","-30.38876579","31011","jw08204001001_01_msa.fits","20","G395M_F290LP","8753.3","2.69","5.5","0.6","0.087","2025-11-06 14:47:51.479","0.9.13.dev13+g833a53735","JRi20  z=4.301 ;  RNa24  z=N/A","2","4.2943","4.2943","3","Auto","Redshift matches abell2744-greene-v4_prism-clear_8204_31011 z=4.2919","","","FITS   d2d","","","0",""
"abell2744-greene-v4","abell2744-greene-v4_prism-clear_8204_60010.spec.fits","3.54701294","-30.37528773","60010","jw08204001001_01_msa.fits","154","PRISM_CLEAR","2188.3","0.55","5.5","1.8","0.087","2025-11-06 14:54:45.297","0.9.13.dev13+g833a53735","-","0","3.4162","3.4162","3","GBr","No lines but looks like a break","","","FITS   d2d","","","0",""
"abell2744-greene-v4","abell2744-greene-v4_prism-clear_8204_52465.spec.fits","3.54265576","-30.35462893","52465","jw08204001001_01_msa.fits","177","PRISM_CLEAR","2188.3","0.55","5.5","1.5","0.087","2025-11-06 14:36:48.619","0.9.13.dev13+g833a53735","RNa24  z=N/A","1","4.4809","4.4809","3","GBr","","","","FITS   d2d","","","0",""
"abell2744-greene-v4","abell2744-greene-v4_g395m-f290lp_8204_29170.spec.fits","3.57339736","-30.39204506","29170","jw08204001001_01_msa.fits","84","G395M_F290LP","8753.3","2.69","5.5","0.3","0.087","2025-11-06 13:55:11.009","0.9.13.dev13+g833a53735","-","0","3.5727","","-1","","","","","FITS   d2d","","","0",""
"abell2744-greene-v4","abell2744-greene-v4_g395m-f290lp_8204_28397.spec.fits","3.54149479","-30.39345842","28397","jw08204001001_01_msa.fits","174","G395M_F290LP","8753.3","2.69","5.5","0.6","0.087","2025-11-06 15:28:02.766","0.9.13.dev13+g833a53735","RNa24  z=6.235","1","6.2367","6.2367","3","Auto","Redshift matches abell2744-greene-v4_prism-clear_8204_28397 z=6.2397","","","FITS   d2d","","","0",""
"abell2744-greene-v4","abell2744-greene-v4_g235m-f170lp_8204_31269.spec.fits","3.59086779","-30.38825364","31269","jw08204001001_01_msa.fits","2","G235M_F170LP","35013.3","1.61","3.54","0.6","0.086","2025-11-06 15:00:49.627","0.9.13.dev13+g833a53735","-","0","3.472","3.472","3","Auto","Redshift matches abell2744-greene-v4_prism-clear_8204_31269 z=3.4771","","","FITS   d2d","","","0",""
"abell2744-greene-v4","abell2744-greene-v4_g235m-f170lp_8204_b65.spec.fits","3.57620596","-30.38985953","65","jw08204001001_01_msa.fits","65","G235M_F170LP","35013.3","1.61","4","0.4","0.086","2025-11-06 14:22:58.696","0.9.13.dev13+g833a53735","-","0","","","-1","","","","","FITS   d2d","","","0",""
"abell2744-greene-v4","abell2744-greene-v4_prism-clear_8204_34412.spec.fits","3.54911602","-30.38266091","34412","jw08204001001_01_msa.fits","146","PRISM_CLEAR","2188.3","0.55","5.5","1.5","0.086","2025-11-06 14:09:33.176","0.9.13.dev13+g833a53735","-","0","3.4793","3.4794","3","GBr","","","","FITS   d2d","","","0",""
"abell2744-greene-v4","abell2744-greene-v4_g395m-f290lp_8204_39831.spec.fits","3.58530823","-30.37468319","39831","jw08204001001_01_msa.fits","38","G395M_F290LP","8753.3","2.69","5.5","0.5","0.086","2025-11-06 15:10:48.140","0.9.13.dev13+g833a53735","-","0","3.4094","3.4094","3","Auto","Redshift matches abell2744-greene-v4_prism-clear_8204_39831 z=3.4038","","","FITS   d2d","","","0",""
"abell2744-greene-v4","abell2744-greene-v4_g235m-f170lp_8204_32053.spec.fits","3.58753247","-30.38685387","32053","jw08204001001_01_msa.fits","18","G235M_F170LP","35013.3","1.61","3.65","0.5","0.086","2025-11-06 15:00:42.239","0.9.13.dev13+g833a53735","RNa24  z=N/A","1","6.3223","6.3223","3","Auto","Redshift matches abell2744-greene-v4_prism-clear_8204_32053 z=6.3253","","","FITS   d2d","","","0",""
"abell2744-greene-v4","abell2744-greene-v4_g395m-f290lp_8204_35716.spec.fits","3.57106674","-30.38044403","35716","jw08204001001_01_msa.fits","88","G395M_F290LP","8753.3","2.69","5.5","0.4","0.085","2025-11-06 14:59:28.047","0.9.13.dev13+g833a53735","-","0","","","-1","","","","","FITS   d2d","","","0",""
"abell2744-greene-v4","abell2744-greene-v4_g395m-f290lp_8204_37060.spec.fits","3.5890642","-30.37841535","37060","jw08204001001_01_msa.fits","14","G395M_F290LP","8753.3","2.69","5.5","0.4","0.085","2025-11-06 13:59:08.716","0.9.13.dev13+g833a53735","-","0","3.7374","3.7374","3","Auto","Redshift matches abell2744-greene-v4_prism-clear_8204_37060 z=3.7359","","","FITS   d2d","","","0",""
"abell2744-greene-v4","abell2744-greene-v4_g395m-f290lp_8204_49809.spec.fits","3.52530139","-30.35922336","49809","jw08204001001_01_msa.fits","249","G395M_F290LP","8753.3","2.69","5.5","0.4","0.083","2025-11-06 14:46:37.464","0.9.13.dev13+g833a53735","-","0","4.3729","4.3729","3","Auto","Redshift matches abell2744-greene-v4_prism-clear_8204_49809 z=4.3837","","","FITS   d2d","","","0",""
"abell2744-greene-v4","abell2744-greene-v4_prism-clear_8204_52547.spec.fits","3.56314759","-30.35467632","52547","jw08204001001_01_msa.fits","131","PRISM_CLEAR","2188.3","0.55","5.5","0.8","0.083","2025-11-06 13:51:27.786","0.9.13.dev13+g833a53735","RNa24  z=N/A","1","3.9648","3.9648","3","GBr","lucky guess","","","FITS   d2d","","","0",""
"abell2744-greene-v4","abell2744-greene-v4_g395m-f290lp_8204_45372.spec.fits","3.54285968","-30.37295774","45372","jw08204001001_01_msa.fits","171","G395M_F290LP","8753.3","2.69","5.5","0.4","0.082","2025-11-06 14:41:21.585","0.9.13.dev13+g833a53735","-","0","2.6065","2.6065","3","Auto","Redshift matches abell2744-greene-v4_prism-clear_8204_45372 z=2.6070","","","FITS   d2d","","","0",""
"abell2744-greene-v4","abell2744-greene-v4_g395m-f290lp_8204_59773.spec.fits","3.55093026","-30.34041486","59773","jw08204001001_01_msa.fits","147","G395M_F290LP","8753.3","2.69","5.5","0.5","0.082","2025-11-06 14:07:09.093","0.9.13.dev13+g833a53735","-","0","2.6014","","-1","","","","","FITS   d2d","","","0",""
"abell2744-greene-v4","abell2744-greene-v4_g235m-f170lp_8204_b236.spec.fits","3.52939405","-30.34486757","236","jw08204001001_01_msa.fits","236","G235M_F170LP","35013.3","1.61","4.58","0.3","0.081","2025-11-06 14:44:03.989","0.9.13.dev13+g833a53735","-","0","","","-1","","","","","FITS   d2d","","","0",""
"abell2744-greene-v4","abell2744-greene-v4_g395m-f290lp_8204_b211.spec.fits","3.53830101","-30.34055461","211","jw08204001001_01_msa.fits","211","G395M_F290LP","8753.3","2.69","5.5","0.4","0.081","2025-11-06 14:09:52.284","0.9.13.dev13+g833a53735","-","0","","","-1","","","","","FITS   d2d","","","0",""
"abell2744-greene-v4","abell2744-greene-v4_prism-clear_8204_36343.spec.fits","3.53402631","-30.379538","36343","jw08204001001_01_msa.fits","220","PRISM_CLEAR","2188.3","0.55","5.5","0.9","0.079","2025-11-06 15:11:35.219","0.9.13.dev13+g833a53735","-","0","3.4883","3.4704","3","GBr","","","","FITS   d2d","","","0",""
"abell2744-greene-v4","abell2744-greene-v4_g235m-f170lp_8204_23608.spec.fits","3.542815","-30.380646","23608","jw08204001001_01_msa.fits","167","G235M_F170LP","35013.3","1.61","4.58","0.8","0.076","2025-11-06 14:45:36.244","0.9.13.dev13+g833a53735","RNa24  z=5.792","1","5.7928","5.7928","3","Auto","Redshift matches abell2744-greene-v4_prism-clear_8204_23608 z=5.7997","","","FITS   d2d","","","0",""
"abell2744-greene-v4","abell2744-greene-v4_g235m-f170lp_8204_48580.spec.fits","3.54323162","-30.36141455","48580","jw08204001001_01_msa.fits","173","G235M_F170LP","35013.3","1.61","4.58","0.4","0.075","2025-11-06 13:53:30.901","0.9.13.dev13+g833a53735","-","0","3.4697","3.4697","3","Auto","Redshift matches abell2744-greene-v4_prism-clear_8204_48580 z=3.4677","","","FITS   d2d","","","0",""
"abell2744-greene-v4","abell2744-greene-v4_g235m-f170lp_8204_29170.spec.fits","3.57339736","-30.39204506","29170","jw08204001001_01_msa.fits","84","G235M_F170LP","35013.3","1.61","4.09","0.4","0.073","2025-11-06 13:55:18.813","0.9.13.dev13+g833a53735","-","0","3.5226","3.5226","3","Auto","Redshift matches abell2744-greene-v4_prism-clear_8204_29170 z=3.5239","","","FITS   d2d","","","0",""
"abell2744-greene-v4","abell2744-greene-v4_prism-clear_8204_b65.spec.fits","3.57620523","-30.38987421","65","jw08204001001_01_msa.fits","65","PRISM_CLEAR","2188.3","0.55","5.5","1","0.073","2025-11-06 14:22:39.792","0.9.13.dev13+g833a53735","-","0","0.8976","0.8976","2","GBr","","","","FITS   d2d","","","0",""
"abell2744-greene-v4","abell2744-greene-v4_g395m-f290lp_8204_52465.spec.fits","3.54265576","-30.35462893","52465","jw08204001001_01_msa.fits","177","G395M_F290LP","8753.3","2.69","5.5","0.5","0.072","2025-11-06 14:36:54.967","0.9.13.dev13+g833a53735","RNa24  z=N/A","1","4.4779","4.4779","3","Auto","Redshift matches abell2744-greene-v4_prism-clear_8204_52465 z=4.4809","","","FITS   d2d","","","0",""
"abell2744-greene-v4","abell2744-greene-v4_g395m-f290lp_8204_b236.spec.fits","3.52939405","-30.34486757","236","jw08204001001_01_msa.fits","236","G395M_F290LP","8753.3","2.69","5.5","0.2","0.072","2025-11-06 14:43:55.749","0.9.13.dev13+g833a53735","-","0","","","-1","","","","","FITS   d2d","","","0",""
"abell2744-greene-v4","abell2744-greene-v4_g395m-f290lp_8204_36294.spec.fits","3.5513397","-30.37956585","36294","jw08204001001_01_msa.fits","137","G395M_F290LP","8753.3","2.69","5.5","0.3","0.069","2025-11-06 14:21:24.264","0.9.13.dev13+g833a53735","-","0","3.7478","3.7478","3","Auto","Redshift matches abell2744-greene-v4_prism-clear_8204_36294 z=3.7444","","","FITS   d2d","","","0",""
"abell2744-greene-v4","abell2744-greene-v4_prism-clear_8204_48580.spec.fits","3.54323162","-30.36141455","48580","jw08204001001_01_msa.fits","173","PRISM_CLEAR","2188.3","0.55","5.5","1","0.068","2025-11-06 13:53:14.418","0.9.13.dev13+g833a53735","-","0","3.4677","3.4677","3","GBr","","","","FITS   d2d","","","0",""
"abell2744-greene-v4","abell2744-greene-v4_prism-clear_8204_31269.spec.fits","3.59086779","-30.38825364","31269","jw08204001001_01_msa.fits","2","PRISM_CLEAR","2188.3","0.55","5.5","1.1","0.067","2025-11-06 15:00:36.775","0.9.13.dev13+g833a53735","-","0","3.4771","3.4771","3","GBr","","","","FITS   d2d","","","0",""
"abell2744-greene-v4","abell2744-greene-v4_g395m-f290lp_8204_30941.spec.fits","3.52667274","-30.38882563","30941","jw08204001001_01_msa.fits","239","G395M_F290LP","8753.3","2.69","5.42","0.4","0.067","2025-11-06 15:07:05.905","0.9.13.dev13+g833a53735","-","0","3.3394","3.3394","3","Auto","Redshift matches abell2744-greene-v4_prism-clear_8204_30941 z=3.3418","","","FITS   d2d","","","0",""
"abell2744-greene-v4","abell2744-greene-v4_g235m-f170lp_8204_49809.spec.fits","3.52530139","-30.35922336","49809","jw08204001001_01_msa.fits","249","G235M_F170LP","35013.3","1.61","4.58","0.4","0.067","2025-11-06 14:46:46.776","0.9.13.dev13+g833a53735","-","0","4.3736","4.3736","3","Auto","Redshift matches abell2744-greene-v4_prism-clear_8204_49809 z=4.3837","","","FITS   d2d","","","0",""
"abell2744-greene-v4","abell2744-greene-v4_prism-clear_8204_53409.spec.fits","3.54659392","-30.35315436","53409","jw08204001001_01_msa.fits","163","PRISM_CLEAR","2188.3","0.55","5.5","1","0.067","2025-11-06 14:10:48.336","0.9.13.dev13+g833a53735","-","0","3.6804","3.6804","3","GBr","","","","FITS   d2d","","","0",""
"abell2744-greene-v4","abell2744-greene-v4_g395m-f290lp_8204_34412.spec.fits","3.54911602","-30.38266091","34412","jw08204001001_01_msa.fits","146","G395M_F290LP","8753.3","2.69","5.5","0.5","0.067","2025-11-06 14:09:39.272","0.9.13.dev13+g833a53735","-","0","3.4715","3.4715","3","Auto","Redshift matches abell2744-greene-v4_prism-clear_8204_34412 z=3.4794","","","FITS   d2d","","","0",""
"abell2744-greene-v4","abell2744-greene-v4_prism-clear_8204_31011.spec.fits","3.58710401","-30.38876579","31011","jw08204001001_01_msa.fits","20","PRISM_CLEAR","2188.3","0.55","5.5","1.6","0.066","2025-11-06 14:47:45.879","0.9.13.dev13+g833a53735","JRi20  z=4.301 ;  RNa24  z=N/A","2","4.2919","4.2919","3","GBr","","","","FITS   d2d","","","0",""
"abell2744-greene-v4","abell2744-greene-v4_prism-clear_8204_52632.spec.fits","3.57088588","-30.3543744","52632","jw08204001001_01_msa.fits","93","PRISM_CLEAR","2188.3","0.55","5.5","0.9","0.065","2025-11-06 14:51:45.158","0.9.13.dev13+g833a53735","-","0","3.8982","3.8982","3","GBr","","","","FITS   d2d","","","0",""
"abell2744-greene-v4","abell2744-greene-v4_g235m-f170lp_8204_30941.spec.fits","3.52667274","-30.38882563","30941","jw08204001001_01_msa.fits","239","G235M_F170LP","35013.3","1.61","4.58","0.4","0.065","2025-11-06 15:07:14.609","0.9.13.dev13+g833a53735","-","0","3.3394","3.3394","3","Auto","Redshift matches abell2744-greene-v4_prism-clear_8204_30941 z=3.3418","","","FITS   d2d","","","0",""
"abell2744-greene-v4","abell2744-greene-v4_prism-clear_8204_41225.spec.fits","3.533994","-30.353308","41225","jw08204001001_01_msa.fits","222","PRISM_CLEAR","2188.3","0.55","5.5","1.2","0.064","2025-11-06 14:07:03.925","0.9.13.dev13+g833a53735","RNa24  z=N/A ;  DKo24  z=6.760 ;  ILa23  z=N/A","3","6.7732","6.7732","3","GBr","broadened halpha","","","FITS   d2d","","","0",""
"abell2744-greene-v4","abell2744-greene-v4_g235m-f170lp_8204_34412.spec.fits","3.54911602","-30.38266091","34412","jw08204001001_01_msa.fits","146","G235M_F170LP","35013.3","1.61","4.58","0.5","0.064","2025-11-06 14:09:48.348","0.9.13.dev13+g833a53735","-","0","3.4718","3.4718","3","Auto","Redshift matches abell2744-greene-v4_prism-clear_8204_34412 z=3.4794","","","FITS   d2d","","","0",""
"abell2744-greene-v4","abell2744-greene-v4_g235m-f170lp_8204_31011.spec.fits","3.58710401","-30.38876579","31011","jw08204001001_01_msa.fits","20","G235M_F170LP","35013.3","1.61","3.66","0.7","0.063","2025-11-06 14:47:57.807","0.9.13.dev13+g833a53735","JRi20  z=4.301 ;  RNa24  z=N/A","2","4.2943","4.2943","3","Auto","Redshift matches abell2744-greene-v4_prism-clear_8204_31011 z=4.2919","","","FITS   d2d","","","0",""
"abell2744-greene-v4","abell2744-greene-v4_g235m-f170lp_8204_59773.spec.fits","3.55093026","-30.34041486","59773","jw08204001001_01_msa.fits","147","G235M_F170LP","35013.3","1.61","4.58","0.4","0.062","2025-11-06 14:07:19.029","0.9.13.dev13+g833a53735","-","0","2.582","","-1","","","","","FITS   d2d","","","0",""
"abell2744-greene-v4","abell2744-greene-v4_g395m-f290lp_8204_54271.spec.fits","3.58424083","-30.35131242","54271","jw08204001001_01_msa.fits","45","G395M_F290LP","8753.3","2.79","5.5","0.4","0.061","2025-11-06 14:28:06.502","0.9.13.dev13+g833a53735","-","0","2.4681","2.4681","3","Auto","Redshift matches abell2744-greene-v4_prism-clear_8204_54271 z=2.4696","","","FITS   d2d","","","0",""
"abell2744-greene-v4","abell2744-greene-v4_prism-clear_8204_49809.spec.fits","3.52530139","-30.35922336","49809","jw08204001001_01_msa.fits","249","PRISM_CLEAR","2188.3","0.55","5.5","0.9","0.059","2025-11-06 14:46:31.044","0.9.13.dev13+g833a53735","-","0","4.3837","4.3837","3","GBr","","","","FITS   d2d","","","0",""
"abell2744-greene-v4","abell2744-greene-v4_g395m-f290lp_8204_48538.spec.fits","3.57613247","-30.36145983","48538","jw08204001001_01_msa.fits","81","G395M_F290LP","8753.3","2.69","5.5","0.3","0.059","2025-11-06 14:40:46.978","0.9.13.dev13+g833a53735","-","0","","","-1","","","","","FITS   d2d","","","0",""
"abell2744-greene-v4","abell2744-greene-v4_g395m-f290lp_8204_52632.spec.fits","3.57088588","-30.3543744","52632","jw08204001001_01_msa.fits","93","G395M_F290LP","8753.3","2.69","5.5","0.2","0.058","2025-11-06 14:51:52.258","0.9.13.dev13+g833a53735","-","0","3.8948","3.8948","3","Auto","Redshift matches uncover-62-v4_prism-clear_2561_52632 z=3.8935","","","FITS   d2d","","","0",""
"abell2744-greene-v4","abell2744-greene-v4_g395m-f290lp_8204_b204.spec.fits","3.53798376","-30.34984172","204","jw08204001001_01_msa.fits","204","G395M_F290LP","8753.3","2.69","5.5","0.2","0.058","2025-11-06 14:05:45.873","0.9.13.dev13+g833a53735","-","0","3.0556","3.0556","3","Auto","Redshift matches abell2744-greene-v4_prism-clear_8204_b204 z=3.0592","","","FITS   d2d","","","0",""
"abell2744-greene-v4","abell2744-greene-v4_g395m-f290lp_8204_55358.spec.fits","3.56447982","-30.35021847","55358","jw08204001001_01_msa.fits","128","G395M_F290LP","8753.3","2.69","5.5","0.2","0.058","2025-11-06 14:30:25.937","0.9.13.dev13+g833a53735","-","0","","","-1","","","","","FITS   d2d","","","0",""
"abell2744-greene-v4","abell2744-greene-v4_prism-clear_8204_35716.spec.fits","3.57106674","-30.38044403","35716","jw08204001001_01_msa.fits","88","PRISM_CLEAR","2188.3","0.93","5.5","0.8","0.058","2025-11-06 14:59:22.103","0.9.13.dev13+g833a53735","-","0","3.3902","3.3902","2","GBr","","","","FITS   d2d","","","0",""
"abell2744-greene-v4","abell2744-greene-v4_g235m-f170lp_8204_b27.spec.fits","3.58739819","-30.36270264","27","jw08204001001_01_msa.fits","27","G235M_F170LP","35013.3","1.61","3.73","0.5","0.057","2025-11-06 14:28:04.754","0.9.13.dev13+g833a53735","-","0","","","-1","","","","","FITS   d2d","","","0",""
"abell2744-greene-v4","abell2744-greene-v4_prism-clear_8204_39831.spec.fits","3.58530823","-30.37468319","39831","jw08204001001_01_msa.fits","38","PRISM_CLEAR","2188.3","0.55","5.5","1.1","0.056","2025-11-06 15:10:44.016","0.9.13.dev13+g833a53735","-","0","3.4038","3.4038","3","GBr","","","","FITS   d2d","","","0",""
"abell2744-greene-v4","abell2744-greene-v4_g395m-f290lp_8204_27293.spec.fits","3.55049124","-30.39547082","27293","jw08204001001_01_msa.fits","138","G395M_F290LP","8753.3","2.69","5.5","0.4","0.056","2025-11-06 14:37:34.719","0.9.13.dev13+g833a53735","-","0","5.7686","5.7686","3","Auto","Redshift matches abell2744-greene-v4_prism-clear_8204_27293 z=5.7773","","","FITS   d2d","","","0",""
"abell2744-greene-v4","abell2744-greene-v4_g235m-f170lp_8204_28397.spec.fits","3.54149479","-30.39345842","28397","jw08204001001_01_msa.fits","174","G235M_F170LP","35013.3","1.61","4.58","0.4","0.055","2025-11-06 15:28:08.454","0.9.13.dev13+g833a53735","RNa24  z=6.235","1","6.2367","6.2367","3","Auto","Redshift matches abell2744-greene-v4_prism-clear_8204_28397 z=6.2397","","","FITS   d2d","","","0",""
"abell2744-greene-v4","abell2744-greene-v4_g395m-f290lp_8204_27034.spec.fits","3.57718186","-30.39599004","27034","jw08204001001_01_msa.fits","56","G395M_F290LP","8753.3","2.98","5.5","0.3","0.054","2025-11-06 14:29:58.461","0.9.13.dev13+g833a53735","RNa24  z=N/A","1","5.0496","5.0496","3","Auto","Redshift matches abell2744-greene-v4_prism-clear_8204_27034 z=5.0489","","","FITS   d2d","","","0",""
"abell2744-greene-v4","abell2744-greene-v4_g235m-f170lp_8204_37060.spec.fits","3.5890642","-30.37841535","37060","jw08204001001_01_msa.fits","14","G235M_F170LP","35013.3","1.61","3.63","0.3","0.054","2025-11-06 13:59:14.332","0.9.13.dev13+g833a53735","-","0","3.7371","3.7371","3","Auto","Redshift matches abell2744-greene-v4_prism-clear_8204_37060 z=3.7359","","","FITS   d2d","","","0",""
"abell2744-greene-v4","abell2744-greene-v4_g235m-f170lp_8204_50493.spec.fits","3.52997076","-30.35815766","50493","jw08204001001_01_msa.fits","228","G235M_F170LP","35013.3","1.61","4.58","0.4","0.053","2025-11-06 14:16:15.974","0.9.13.dev13+g833a53735","RNa24  z=N/A","1","4.9631","4.9631","3","Auto","Redshift matches abell2744-greene-v4_prism-clear_8204_50493 z=4.9648","","","FITS   d2d","","","0",""
"abell2744-greene-v4","abell2744-greene-v4_g235m-f170lp_8204_54271.spec.fits","3.58424083","-30.35131242","54271","jw08204001001_01_msa.fits","45","G235M_F170LP","35013.3","1.7","3.86","0.5","0.052","2025-11-06 14:28:14.018","0.9.13.dev13+g833a53735","-","0","2.4691","2.4691","3","Auto","Redshift matches abell2744-greene-v4_prism-clear_8204_54271 z=2.4696","","","FITS   d2d","","","0",""
"abell2744-greene-v4","abell2744-greene-v4_prism-clear_8204_54271.spec.fits","3.58424083","-30.35131242","54271","jw08204001001_01_msa.fits","45","PRISM_CLEAR","2188.3","0.55","5.5","1.1","0.052","2025-11-06 14:28:00.810","0.9.13.dev13+g833a53735","-","0","0.6306","2.4696","3","GBr","lines in grating","","","FITS   d2d","","","0",""
"abell2744-greene-v4","abell2744-greene-v4_g235m-f170lp_8204_35716.spec.fits","3.57106674","-30.38044403","35716","jw08204001001_01_msa.fits","88","G235M_F170LP","35013.3","1.61","4.2","0.3","0.051","2025-11-06 14:59:36.927","0.9.13.dev13+g833a53735","-","0","","","-1","","","","","FITS   d2d","","","0",""
"abell2744-greene-v4","abell2744-greene-v4_g395m-f290lp_8204_57642.spec.fits","3.56307151","-30.34488341","57642","jw08204001001_01_msa.fits","133","G395M_F290LP","8753.3","2.69","5.5","0.3","0.051","2025-11-06 14:17:17.473","0.9.13.dev13+g833a53735","-","0","","","-1","","","","","FITS   d2d","","","0",""
"abell2744-greene-v4","abell2744-greene-v4_g235m-f170lp_8204_30457.spec.fits","3.5253177","-30.38964433","30457","jw08204001001_01_msa.fits","242","G235M_F170LP","35013.3","1.62","4.58","0.4","0.051","2025-11-06 15:03:27.670","0.9.13.dev13+g833a53735","-","0","1.0867","1.0867","3","Auto","Redshift matches abell2744-greene-v4_prism-clear_8204_30457 z=1.0886","","","FITS   d2d","","","0",""
"abell2744-greene-v4","abell2744-greene-v4_g235m-f170lp_8204_50743.spec.fits","3.58789659","-30.35755482","50743","jw08204001001_01_msa.fits","24","G235M_F170LP","35013.3","1.61","3.73","0.3","0.05","2025-11-06 14:11:03.092","0.9.13.dev13+g833a53735","-","0","2.5591","2.5591","3","Auto","Redshift matches abell2744-greene-v4_prism-clear_8204_50743 z=2.5636","","","FITS   d2d","","","0",""
"abell2744-greene-v4","abell2744-greene-v4_prism-clear_8204_b204.spec.fits","3.53798449","-30.34982704","204","jw08204001001_01_msa.fits","204","PRISM_CLEAR","2188.3","0.55","5.5","0.6","0.05","2025-11-06 14:05:39.721","0.9.13.dev13+g833a53735","-","0","3.0592","3.0592","3","GBr","","","","FITS   d2d","","","0",""
"abell2744-greene-v4","abell2744-greene-v4_prism-clear_8204_48538.spec.fits","3.57613247","-30.36145983","48538","jw08204001001_01_msa.fits","81","PRISM_CLEAR","2188.3","0.55","5.5","0.7","0.049","2025-11-06 14:40:39.946","0.9.13.dev13+g833a53735","-","0","0.5905","0.5906","1","GBr","","","","FITS   d2d","","","0",""
"abell2744-greene-v4","abell2744-greene-v4_prism-clear_8204_30941.spec.fits","3.52667274","-30.38882563","30941","jw08204001001_01_msa.fits","239","PRISM_CLEAR","2188.3","0.55","5.5","0.9","0.049","2025-11-06 15:07:01.345","0.9.13.dev13+g833a53735","-","0","3.3418","3.3418","3","GBr","","","","FITS   d2d","","","0",""
"abell2744-greene-v4","abell2744-greene-v4_g395m-f290lp_8204_34268.spec.fits","3.57704126","-30.3825752","34268","jw08204001001_01_msa.fits","57","G395M_F290LP","8753.3","2.69","5.5","0.3","0.049","2025-11-06 13:56:03.305","0.9.13.dev13+g833a53735","RNa24  z=N/A","1","5.7693","5.7693","3","Auto","Redshift matches abell2744-greene-v4_prism-clear_8204_34268 z=5.7685","","","FITS   d2d","","","0",""
"abell2744-greene-v4","abell2744-greene-v4_g395m-f290lp_8204_30457.spec.fits","3.5253177","-30.38964433","30457","jw08204001001_01_msa.fits","242","G395M_F290LP","8753.3","2.69","5.48","0.3","0.049","2025-11-06 15:03:17.530","0.9.13.dev13+g833a53735","-","0","1.0867","1.0867","3","Auto","Redshift matches abell2744-greene-v4_prism-clear_8204_30457 z=1.0886","","","FITS   d2d","","","0",""
"abell2744-greene-v4","abell2744-greene-v4_prism-clear_8204_43499.spec.fits","3.52296337","-30.3748701","43499","jw08204001001_01_msa.fits","265","PRISM_CLEAR","2188.3","0.55","5.5","0.7","0.048","2025-11-06 14:13:35.323","0.9.13.dev13+g833a53735","-","0","2.3922","2.3854","3","GBr","lines in grating","","","FITS   d2d","","","0",""
"abell2744-greene-v4","abell2744-greene-v4_prism-clear_8204_29170.spec.fits","3.57339736","-30.39204506","29170","jw08204001001_01_msa.fits","84","PRISM_CLEAR","2188.3","0.7","5.5","0.7","0.048","2025-11-06 13:55:04.985","0.9.13.dev13+g833a53735","-","0","3.542","3.5239","3","GBr","lines in gratings","","","FITS   d2d","","","0",""
"abell2744-greene-v4","abell2744-greene-v4_prism-clear_8204_36294.spec.fits","3.5513397","-30.37956585","36294","jw08204001001_01_msa.fits","137","PRISM_CLEAR","2188.3","0.55","5.5","0.7","0.047","2025-11-06 14:21:17.332","0.9.13.dev13+g833a53735","-","0","3.7969","3.7444","3","GBr","lines in gratings","","","FITS   d2d","","","0",""
"abell2744-greene-v4","abell2744-greene-v4_g395m-f290lp_8204_58907.spec.fits","3.56285422","-30.34236654","58907","jw08204001001_01_msa.fits","135","G395M_F290LP","8753.3","2.69","5.5","0.3","0.047","2025-11-06 15:06:36.313","0.9.13.dev13+g833a53735","-","0","3.9979","3.9979","3","Auto","Redshift matches abell2744-greene-v4_prism-clear_8204_58907 z=4.0000","","","FITS   d2d","","","0",""
"abell2744-greene-v4","abell2744-greene-v4_prism-clear_8204_58907.spec.fits","3.56285422","-30.34236654","58907","jw08204001001_01_msa.fits","135","PRISM_CLEAR","2188.3","3.18","5.5","0.7","0.047","2025-11-06 15:06:31.513","0.9.13.dev13+g833a53735","-","0","6.7375","4","3","GBr","lines in gratings","","","FITS   d2d","","","0",""
"abell2744-greene-v4","abell2744-greene-v4_prism-clear_8204_27293.spec.fits","3.55049124","-30.39547082","27293","jw08204001001_01_msa.fits","138","PRISM_CLEAR","2188.3","0.55","5.5","1","0.047","2025-11-06 14:37:24.055","0.9.13.dev13+g833a53735","-","0","5.7773","5.7773","3","GBr","","","","FITS   d2d","","","0",""
"abell2744-greene-v4","abell2744-greene-v4_prism-clear_8204_28397.spec.fits","3.54149479","-30.39345842","28397","jw08204001001_01_msa.fits","174","PRISM_CLEAR","2188.3","0.55","5.5","0.9","0.046","2025-11-06 15:27:58.310","0.9.13.dev13+g833a53735","RNa24  z=6.235","1","6.2397","6.2397","3","GBr","","","","FITS   d2d","","","0",""
"abell2744-greene-v4","abell2744-greene-v4_prism-clear_8204_30457.spec.fits","3.5253177","-30.38964433","30457","jw08204001001_01_msa.fits","242","PRISM_CLEAR","2188.3","0.55","5.5","1","0.045","2025-11-06 15:03:11.610","0.9.13.dev13+g833a53735","-","0","1.0886","1.0886","3","GBr","","","","FITS   d2d","","","0",""
"abell2744-greene-v4","abell2744-greene-v4_g235m-f170lp_8204_41225.spec.fits","3.533994","-30.353308","41225","jw08204001001_01_msa.fits","222","G235M_F170LP","35013.3","1.61","4.58","0.3","0.044","2025-11-06 14:07:18.405","0.9.13.dev13+g833a53735","RNa24  z=N/A ;  DKo24  z=6.760 ;  ILa23  z=N/A","3","6.7674","6.7674","3","Auto","Redshift matches abell2744-greene-v4_prism-clear_8204_41225 z=6.7732","","","FITS   d2d","","","0",""
"abell2744-greene-v4","abell2744-greene-v4_prism-clear_8204_34482.spec.fits","3.58685359","-30.38225749","34482","jw08204001001_01_msa.fits","22","PRISM_CLEAR","2188.3","0.55","5.5","0.8","0.044","2025-11-06 14:23:58.543","0.9.13.dev13+g833a53735","-","0","3.302","3.302","1","GBr","","","","FITS   d2d","","","0",""
"abell2744-greene-v4","abell2744-greene-v4_g235m-f170lp_8204_36294.spec.fits","3.5513397","-30.37956585","36294","jw08204001001_01_msa.fits","137","G235M_F170LP","35013.3","1.61","4.58","0.2","0.044","2025-11-06 14:21:33.536","0.9.13.dev13+g833a53735","-","0","3.7459","3.7459","3","Auto","Redshift matches abell2744-greene-v4_prism-clear_8204_36294 z=3.7444","","","FITS   d2d","","","0",""
"abell2744-greene-v4","abell2744-greene-v4_prism-clear_8204_27034.spec.fits","3.57718186","-30.39599004","27034","jw08204001001_01_msa.fits","56","PRISM_CLEAR","2188.3","0.55","5.5","0.8","0.044","2025-11-06 14:29:50.313","0.9.13.dev13+g833a53735","RNa24  z=N/A","1","5.0489","5.0489","3","GBr","","","","FITS   d2d","","","0",""
"abell2744-greene-v4","abell2744-greene-v4_g235m-f170lp_8204_58907.spec.fits","3.56285422","-30.34236654","58907","jw08204001001_01_msa.fits","135","G235M_F170LP","35013.3","1.61","4.58","0.3","0.043","2025-11-06 15:06:45.669","0.9.13.dev13+g833a53735","-","0","3.9986","3.9986","3","Auto","Redshift matches abell2744-greene-v4_prism-clear_8204_58907 z=4.0000","","","FITS   d2d","","","0",""
"abell2744-greene-v4","abell2744-greene-v4_g395m-f290lp_8204_43499.spec.fits","3.52296337","-30.3748701","43499","jw08204001001_01_msa.fits","265","G395M_F290LP","8753.3","2.69","5.5","0.2","0.042","2025-11-06 14:13:50.183","0.9.13.dev13+g833a53735","-","0","2.384","2.384","3","Auto","Redshift matches abell2744-greene-v4_prism-clear_8204_43499 z=2.3854","","","FITS   d2d","","","0",""
"abell2744-greene-v4","abell2744-greene-v4_prism-clear_8204_47883.spec.fits","3.56818969","-30.36252571","106","jw08204001001_01_msa.fits","106","PRISM_CLEAR","2188.3","1.37","5.5","0.4","0.042","2025-11-06 14:19:38.865","0.9.13.dev13+g833a53735","-","0","5.1804","5.1495","3","GBr","neighbor","","","FITS   d2d","","","0",""
"abell2744-greene-v4","abell2744-greene-v4_prism-clear_8204_37060.spec.fits","3.5890642","-30.37841535","37060","jw08204001001_01_msa.fits","14","PRISM_CLEAR","2188.3","0.55","5.5","0.9","0.041","2025-11-06 13:59:03.676","0.9.13.dev13+g833a53735","-","0","3.7359","3.7359","3","GBr","","","","FITS   d2d","","","0",""
"abell2744-greene-v4","abell2744-greene-v4_prism-clear_8204_37843.spec.fits","3.57907246","-30.37726285","37843","jw08204001001_01_msa.fits","55","PRISM_CLEAR","2188.3","0.55","5.5","0.5","0.041","2025-11-06 13:48:01.543","0.9.13.dev13+g833a53735","-","0","4.3232","4.3232","3","GBr","","","","FITS   d2d","","","0",""
"abell2744-greene-v4","abell2744-greene-v4_g235m-f170lp_8204_27293.spec.fits","3.55049124","-30.39547082","27293","jw08204001001_01_msa.fits","138","G235M_F170LP","35013.3","1.61","4.58","0.4","0.041","2025-11-06 14:37:44.375","0.9.13.dev13+g833a53735","-","0","5.7686","5.7686","3","Auto","Redshift matches abell2744-greene-v4_prism-clear_8204_27293 z=5.7773","","","FITS   d2d","","","0",""
"abell2744-greene-v4","abell2744-greene-v4_prism-clear_8204_b27.spec.fits","3.58739891","-30.36268796","27","jw08204001001_01_msa.fits","27","PRISM_CLEAR","2188.3","0.55","5.5","0.9","0.04","2025-11-06 14:27:51.262","0.9.13.dev13+g833a53735","-","0","0.2398","0.2398","1","GBr","","","","FITS   d2d","","","0",""
"abell2744-greene-v4","abell2744-greene-v4_g395m-f290lp_8204_b217.spec.fits","3.53654602","-30.34615517","217","jw08204001001_01_msa.fits","217","G395M_F290LP","8753.3","2.69","5.5","0.6","0.04","2025-11-06 13:55:22.557","0.9.13.dev13+g833a53735","-","0","","","-1","","","","","FITS   d2d","","","0",""
"abell2744-greene-v4","abell2744-greene-v4_g395m-f290lp_8204_53258.spec.fits","3.57449087","-30.35308075","53258","jw08204001001_01_msa.fits","85","G395M_F290LP","8753.3","2.69","5.5","0.2","0.038","2025-11-06 13:57:02.244","0.9.13.dev13+g833a53735","-","0","5.3173","5.3173","3","Auto","Redshift matches abell2744-greene-v4_prism-clear_8204_53258 z=5.3128","","","FITS   d2d","","","0",""
"abell2744-greene-v4","abell2744-greene-v4_g395m-f290lp_8204_b208.spec.fits","3.53738856","-30.35782042","208","jw08204001001_01_msa.fits","208","G395M_F290LP","8753.3","2.69","5.5","0.2","0.037","2025-11-06 14:04:26.646","0.9.13.dev13+g833a53735","-","0","","","-1","","","","","FITS   d2d","","","0",""
"abell2744-greene-v4","abell2744-greene-v4_g395m-f290lp_8204_56681.spec.fits","3.5756087","-30.34689452","56681","jw08204001001_01_msa.fits","83","G395M_F290LP","8753.3","2.69","5.5","0.2","0.037","2025-11-06 14:44:28.968","0.9.13.dev13+g833a53735","-","0","5.6872","5.6872","3","Auto","Redshift matches abell2744-greene-v4_prism-clear_8204_56681 z=5.6931","","","FITS   d2d","","","0",""
"abell2744-greene-v4","abell2744-greene-v4_g395m-f290lp_8204_37843.spec.fits","3.57907246","-30.37726285","37843","jw08204001001_01_msa.fits","55","G395M_F290LP","8753.3","2.96","5.5","0.1","0.036","2025-11-06 13:48:04.799","0.9.13.dev13+g833a53735","-","0","4.3065","4.3065","3","Auto","Redshift matches abell2744-greene-v4_prism-clear_8204_37843 z=4.3232","","","FITS   d2d","","","0",""
"abell2744-greene-v4","abell2744-greene-v4_g235m-f170lp_8204_27034.spec.fits","3.57718186","-30.39599004","27034","jw08204001001_01_msa.fits","56","G235M_F170LP","35013.3","1.61","3.95","0.2","0.034","2025-11-06 14:30:07.145","0.9.13.dev13+g833a53735","RNa24  z=N/A","1","5.0496","5.0496","3","Auto","Redshift matches abell2744-greene-v4_prism-clear_8204_27034 z=5.0489","","","FITS   d2d","","","0",""
"abell2744-greene-v4","abell2744-greene-v4_prism-clear_8204_b148.spec.fits","3.54888605","-30.37896301","148","jw08204001001_01_msa.fits","148","PRISM_CLEAR","2188.3","0.55","5.5","0.6","0.034","2025-11-06 14:09:11.176","0.9.13.dev13+g833a53735","-","0","1.5579","1.5579","1","GBr","","","","FITS   d2d","","","0",""
"abell2744-greene-v4","abell2744-greene-v4_g395m-f290lp_8204_58852.spec.fits","3.54178288","-30.34244002","58852","jw08204001001_01_msa.fits","179","G395M_F290LP","8753.3","2.69","5.5","0.2","0.034","2025-11-06 15:06:50.345","0.9.13.dev13+g833a53735","-","0","","","-1","","","","","FITS   d2d","","","0",""
"abell2744-greene-v4","abell2744-greene-v4_g235m-f170lp_8204_55358.spec.fits","3.56447982","-30.35021847","55358","jw08204001001_01_msa.fits","128","G235M_F170LP","35013.3","1.6","4.5","0.1","0.033","2025-11-06 14:30:33.749","0.9.13.dev13+g833a53735","-","0","","","-1","","","","","FITS   d2d","","","0",""
"abell2744-greene-v4","abell2744-greene-v4_g395m-f290lp_8204_b96.spec.fits","3.5687804","-30.38714268","96","jw08204001001_01_msa.fits","96","G395M_F290LP","8753.3","2.69","5.5","0.2","0.033","2025-11-06 15:08:33.189","0.9.13.dev13+g833a53735","-","0","","","-1","","","","","FITS   d2d","","","0",""
"abell2744-greene-v4","abell2744-greene-v4_g235m-f170lp_8204_b139.spec.fits","3.55090149","-30.38016028","139","jw08204001001_01_msa.fits","139","G235M_F170LP","35013.3","1.61","4.58","0.2","0.032","2025-11-06 14:46:38.388","0.9.13.dev13+g833a53735","-","0","","","-1","","","","","FITS   d2d","","","0",""
"abell2744-greene-v4","abell2744-greene-v4_g395m-f290lp_8204_b63.spec.fits","3.57693252","-30.37485654","63","jw08204001001_01_msa.fits","63","G395M_F290LP","8753.3","3.09","5.5","0.2","0.032","2025-11-06 14:16:08.462","0.9.13.dev13+g833a53735","-","0","","","-1","","","","","FITS   d2d","","","0",""
"abell2744-greene-v4","abell2744-greene-v4_g235m-f170lp_8204_b96.spec.fits","3.5687804","-30.38714268","96","jw08204001001_01_msa.fits","96","G235M_F170LP","35013.3","1.61","4.25","0.2","0.032","2025-11-06 15:08:40.264","0.9.13.dev13+g833a53735","-","0","","","-1","","","","","FITS   d2d","","","0",""
"abell2744-greene-v4","abell2744-greene-v4_g395m-f290lp_8204_b209.spec.fits","3.53747248","-30.35624409","209","jw08204001001_01_msa.fits","209","G395M_F290LP","8753.3","2.69","5.5","0.2","0.031","2025-11-06 14:12:15.443","0.9.13.dev13+g833a53735","-","0","2.7843","2.7843","3","Auto","Redshift matches abell2744-greene-v4_prism-clear_8204_b209 z=2.7844","","","FITS   d2d","","","0",""
"abell2744-greene-v4","abell2744-greene-v4_prism-clear_8204_51371.spec.fits","3.52860936","-30.3564484","51371","jw08204001001_01_msa.fits","238","PRISM_CLEAR","2188.3","0.55","5.5","0.4","0.028","2025-11-06 14:48:59.603","0.9.13.dev13+g833a53735","RNa24  z=N/A","1","6.2065","6.2065","3","GBr","","","","FITS   d2d","","","0",""
"abell2744-greene-v4","abell2744-greene-v4_g395m-f290lp_8204_49245.spec.fits","3.58282957","-30.36029652","49245","jw08204001001_01_msa.fits","46","G395M_F290LP","8753.3","2.83","5.5","0.2","0.028","2025-11-06 14:59:26.059","0.9.13.dev13+g833a53735","RNa24  z=N/A","1","6.7648","6.7648","3","Auto","Redshift matches abell2744-greene-v4_prism-clear_8204_49245 z=6.7638","","","FITS   d2d","","","0",""
"abell2744-greene-v4","abell2744-greene-v4_g395m-f290lp_8204_36123.spec.fits","3.59052065","-30.37974053","36123","jw08204001001_01_msa.fits","4","G395M_F290LP","8753.3","2.69","5.5","0.1","0.028","2025-11-06 14:27:11.514","0.9.13.dev13+g833a53735","-","0","","","-1","","","","","FITS   d2d","","","0",""
"abell2744-greene-v4","abell2744-greene-v4_g235m-f170lp_8204_b204.spec.fits","3.53798523","-30.34981236","204","jw08204001001_01_msa.fits","204","G235M_F170LP","35013.3","1.61","4.58","0.1","0.027","2025-11-06 14:05:54.117","0.9.13.dev13+g833a53735","-","0","3.0551","3.0551","3","Auto","Redshift matches abell2744-greene-v4_prism-clear_8204_b204 z=3.0592","","","FITS   d2d","","","0",""
"abell2744-greene-v4","abell2744-greene-v4_g235m-f170lp_8204_57642.spec.fits","3.56307151","-30.34488341","57642","jw08204001001_01_msa.fits","133","G235M_F170LP","35013.3","1.61","4.57","0.2","0.027","2025-11-06 14:17:25.129","0.9.13.dev13+g833a53735","-","0","","","-1","","","","","FITS   d2d","","","0",""
"abell2744-greene-v4","abell2744-greene-v4_prism-clear_8204_58852.spec.fits","3.54178288","-30.34244002","58852","jw08204001001_01_msa.fits","179","PRISM_CLEAR","2188.3","0.55","5.5","0.5","0.027","2025-11-06 15:06:44.081","0.9.13.dev13+g833a53735","-","0","0.6884","0.6884","1","GBr","","","","FITS   d2d","","","0",""
"abell2744-greene-v4","abell2744-greene-v4_g235m-f170lp_8204_37450.spec.fits","3.56943889","-30.37787389","37450","jw08204001001_01_msa.fits","94","G235M_F170LP","35013.3","1.61","4.26","0.2","0.026","2025-11-06 14:54:23.517","0.9.13.dev13+g833a53735","RNa24  z=N/A","1","6.2388","6.2388","3","Auto","Redshift matches abell2744-greene-v4_prism-clear_8204_37450 z=6.2462","","","FITS   d2d","","","0",""
"abell2744-greene-v4","abell2744-greene-v4_g235m-f170lp_8204_43499.spec.fits","3.52296337","-30.3748701","43499","jw08204001001_01_msa.fits","265","G235M_F170LP","35013.3","1.61","4.58","0.1","0.025","2025-11-06 14:13:44.447","0.9.13.dev13+g833a53735","-","0","2.3849","2.3849","3","Auto","Redshift matches abell2744-greene-v4_prism-clear_8204_43499 z=2.3854","","","FITS   d2d","","","0",""
"abell2744-greene-v4","abell2744-greene-v4_prism-clear_8204_b209.spec.fits","3.53747321","-30.35622941","209","jw08204001001_01_msa.fits","209","PRISM_CLEAR","2188.3","0.55","5.5","0.5","0.024","2025-11-06 14:12:09.511","0.9.13.dev13+g833a53735","-","0","2.7919","2.7844","3","GBr","lines in gratings","","","FITS   d2d","","","0",""
"abell2744-greene-v4","abell2744-greene-v4_prism-clear_8204_36123.spec.fits","3.59052065","-30.37974053","36123","jw08204001001_01_msa.fits","4","PRISM_CLEAR","2188.3","0.55","5.5","0.4","0.024","2025-11-06 14:27:05.038","0.9.13.dev13+g833a53735","-","0","5.4551","5.4551","1","GBr","","","","FITS   d2d","","","0",""
"abell2744-greene-v4","abell2744-greene-v4_g395m-f290lp_8204_37450.spec.fits","3.56943889","-30.37787389","37450","jw08204001001_01_msa.fits","94","G395M_F290LP","8753.3","2.69","5.5","0.1","0.024","2025-11-06 14:54:16.561","0.9.13.dev13+g833a53735","RNa24  z=N/A","1","6.2388","6.2388","3","Auto","Redshift matches abell2744-greene-v4_prism-clear_8204_37450 z=6.2462","","","FITS   d2d","","","0",""
"abell2744-greene-v4","abell2744-greene-v4_g395m-f290lp_8204_37389.spec.fits","3.52951634","-30.37870221","37389","jw08204001001_01_msa.fits","226","G395M_F290LP","8753.3","2.69","5.33","0.2","0.023","2025-11-06 14:57:04.480","0.9.13.dev13+g833a53735","RNa24  z=N/A","1","5.7301","5.7301","3","Auto","Redshift matches abell2744-greene-v4_prism-clear_8204_37389 z=5.7320","","","FITS   d2d","","","0",""
"abell2744-greene-v4","abell2744-greene-v4_g235m-f170lp_8204_b209.spec.fits","3.53747248","-30.35624409","209","jw08204001001_01_msa.fits","209","G235M_F170LP","35013.3","1.61","4.58","0.2","0.023","2025-11-06 14:12:24.415","0.9.13.dev13+g833a53735","-","0","2.7843","2.7843","3","Auto","Redshift matches abell2744-greene-v4_prism-clear_8204_b209 z=2.7844","","","FITS   d2d","","","0",""
"abell2744-greene-v4","abell2744-greene-v4_g235m-f170lp_8204_56681.spec.fits","3.5756087","-30.34689452","56681","jw08204001001_01_msa.fits","83","G235M_F170LP","35013.3","1.61","4.15","0.2","0.023","2025-11-06 14:44:36.816","0.9.13.dev13+g833a53735","-","0","5.6885","5.6885","3","Auto","Redshift matches abell2744-greene-v4_prism-clear_8204_56681 z=5.6931","","","FITS   d2d","","","0",""
"abell2744-greene-v4","abell2744-greene-v4_g395m-f290lp_8204_32270.spec.fits","3.54541116","-30.38659649","32270","jw08204001001_01_msa.fits","161","G395M_F290LP","8753.3","2.69","5.5","0.1","0.023","2025-11-06 15:08:12.349","0.9.13.dev13+g833a53735","-","0","","","-1","","","","","FITS   d2d","","","0",""
"abell2744-greene-v4","abell2744-greene-v4_g395m-f290lp_8204_b28.spec.fits","3.58759012","-30.35806723","28","jw08204001001_01_msa.fits","28","G395M_F290LP","8753.3","2.69","5.5","0.1","0.022","2025-11-06 14:52:03.702","0.9.13.dev13+g833a53735","-","0","","","-1","","","","","FITS   d2d","","","0",""
"abell2744-greene-v4","abell2744-greene-v4_prism-clear_8204_32053.spec.fits","3.58753247","-30.38685387","32053","jw08204001001_01_msa.fits","18","PRISM_CLEAR","2188.3","0.55","5.5","0.3","0.021","2025-11-06 15:00:29.459","0.9.13.dev13+g833a53735","RNa24  z=N/A","1","0.4878","6.3253","3","GBr","Line in grating","","","FITS   d2d","","","0",""
"abell2744-greene-v4","abell2744-greene-v4_prism-clear_8204_49245.spec.fits","3.58282957","-30.36029652","49245","jw08204001001_01_msa.fits","46","PRISM_CLEAR","2188.3","0.55","5.5","0.6","0.021","2025-11-06 14:59:20.099","0.9.13.dev13+g833a53735","RNa24  z=N/A","1","6.7716","6.7638","3","GBr","","","","FITS   d2d","","","0",""
"abell2744-greene-v4","abell2744-greene-v4_prism-clear_8204_45372.spec.fits","3.54285968","-30.37295774","45372","jw08204001001_01_msa.fits","171","PRISM_CLEAR","2188.3","0.55","5.5","0.3","0.02","2025-11-06 14:41:15.257","0.9.13.dev13+g833a53735","-","0","2.6034","2.607","3","GBr","","","","FITS   d2d","","","0",""
"abell2744-greene-v4","abell2744-greene-v4_g235m-f170lp_8204_b208.spec.fits","3.53738856","-30.35782042","208","jw08204001001_01_msa.fits","208","G235M_F170LP","35013.3","1.61","4.58","0.1","0.019","2025-11-06 14:04:34.442","0.9.13.dev13+g833a53735","-","0","","","-1","","","","","FITS   d2d","","","0",""
"abell2744-greene-v4","abell2744-greene-v4_prism-clear_8204_34268.spec.fits","3.57704126","-30.3825752","34268","jw08204001001_01_msa.fits","57","PRISM_CLEAR","2188.3","0.55","5.5","0.3","0.018","2025-11-06 13:55:56.317","0.9.13.dev13+g833a53735","RNa24  z=N/A","1","5.7685","5.7685","3","GBr","","","","FITS   d2d","","","0",""
"abell2744-greene-v4","abell2744-greene-v4_g235m-f170lp_8204_34268.spec.fits","3.57704126","-30.3825752","34268","jw08204001001_01_msa.fits","57","G235M_F170LP","35013.3","1.61","4","0.1","0.018","2025-11-06 13:56:14.437","0.9.13.dev13+g833a53735","RNa24  z=N/A","1","5.7706","5.7706","3","Auto","Redshift matches abell2744-greene-v4_prism-clear_8204_34268 z=5.7685","","","FITS   d2d","","","0",""
"abell2744-greene-v4","abell2744-greene-v4_g395m-f290lp_8204_b139.spec.fits","3.55090149","-30.38016028","139","jw08204001001_01_msa.fits","139","G395M_F290LP","8753.3","2.69","5.5","0.1","0.018","2025-11-06 14:46:28.316","0.9.13.dev13+g833a53735","-","0","","","-1","","","","","FITS   d2d","","","0",""
"abell2744-greene-v4","abell2744-greene-v4_g395m-f290lp_8204_b27.spec.fits","3.58739964","-30.36267328","27","jw08204001001_01_msa.fits","27","G395M_F290LP","8753.3","2.69","5.5","0.1","0.018","2025-11-06 14:27:57.198","0.9.13.dev13+g833a53735","-","0","","","-1","","","","","FITS   d2d","","","0",""
"abell2744-greene-v4","abell2744-greene-v4_prism-clear_8204_37450.spec.fits","3.56943889","-30.37787389","37450","jw08204001001_01_msa.fits","94","PRISM_CLEAR","2188.3","1.64","5.5","0.4","0.018","2025-11-06 14:54:10.489","0.9.13.dev13+g833a53735","RNa24  z=N/A","1","6.2462","6.2462","3","GBr","","","","FITS   d2d","","","0",""
"abell2744-greene-v4","abell2744-greene-v4_prism-clear_8204_50493.spec.fits","3.52997076","-30.35815766","50493","jw08204001001_01_msa.fits","228","PRISM_CLEAR","2188.3","0.55","5.5","0.3","0.017","2025-11-06 14:16:09.354","0.9.13.dev13+g833a53735","RNa24  z=N/A","1","4.9648","4.9648","3","GBr","LRD neighbor","","","FITS   d2d","","","0",""
"abell2744-greene-v4","abell2744-greene-v4_g235m-f170lp_8204_47883.spec.fits","3.56818896","-30.36254039","106","jw08204001001_01_msa.fits","106","G235M_F170LP","35013.3","1.61","4.35","0.1","0.017","2025-11-06 14:19:50.445","0.9.13.dev13+g833a53735","-","0","5.1503","5.1503","3","Auto","Redshift matches abell2744-greene-v4_prism-clear_8204_47883 z=5.1495","","","FITS   d2d","","","0",""
"abell2744-greene-v4","abell2744-greene-v4_g395m-f290lp_8204_27915.spec.fits","3.54871162","-30.39465992","27915","jw08204001001_01_msa.fits","145","G395M_F290LP","8753.3","2.69","5.5","0.1","0.017","2025-11-06 14:01:41.391","0.9.13.dev13+g833a53735","RNa24  z=N/A ;  RNa24  z=N/A ;  RNa24  z=N/A","3","5.7672","5.7672","3","Auto","Redshift matches abell2744-greene-v4_prism-clear_8204_27915 z=5.7700","","","FITS   d2d","","","0",""
"abell2744-greene-v4","abell2744-greene-v4_prism-clear_8204_37389.spec.fits","3.52951634","-30.37870221","37389","jw08204001001_01_msa.fits","226","PRISM_CLEAR","2188.3","0.55","5.5","0.5","0.017","2025-11-06 14:56:59.064","0.9.13.dev13+g833a53735","RNa24  z=N/A","1","5.732","5.732","3","GBr","","","","FITS   d2d","","","0",""
"abell2744-greene-v4","abell2744-greene-v4_g395m-f290lp_8204_b39.spec.fits","3.58563678","-30.36150296","39","jw08204001001_01_msa.fits","39","G395M_F290LP","8753.3","2.69","5.5","0.1","0.017","2025-11-06 15:02:33.662","0.9.13.dev13+g833a53735","-","0","","","-1","","","","","FITS   d2d","","","0",""
"abell2744-greene-v4","abell2744-greene-v4_g395m-f290lp_8204_b59.spec.fits","3.5765737","-30.3832542","59","jw08204001001_01_msa.fits","59","G395M_F290LP","8753.3","3.07","5.5","0.1","0.016","2025-11-06 14:14:51.430","0.9.13.dev13+g833a53735","-","0","","","-1","","","","","FITS   d2d","","","0",""
"abell2744-greene-v4","abell2744-greene-v4_g395m-f290lp_8204_b223.spec.fits","3.53383206","-30.34548175","223","jw08204001001_01_msa.fits","223","G395M_F290LP","8753.3","2.69","5.28","0.1","0.015","2025-11-06 14:42:23.813","0.9.13.dev13+g833a53735","-","0","","","-1","","","","","FITS   d2d","","","0",""
"abell2744-greene-v4","abell2744-greene-v4_g235m-f170lp_8204_53258.spec.fits","3.57449087","-30.35308075","53258","jw08204001001_01_msa.fits","85","G235M_F170LP","35013.3","1.61","4.17","0.1","0.015","2025-11-06 13:57:10.436","0.9.13.dev13+g833a53735","-","0","5.3173","5.3173","3","Auto","Redshift matches abell2744-greene-v4_prism-clear_8204_53258 z=5.3128","","","FITS   d2d","","","0",""
"abell2744-greene-v4","abell2744-greene-v4_prism-clear_8204_56681.spec.fits","3.5756087","-30.34689452","56681","jw08204001001_01_msa.fits","83","PRISM_CLEAR","2188.3","0.55","5.5","0.3","0.014","2025-11-06 14:44:22.808","0.9.13.dev13+g833a53735","-","0","5.6931","5.6931","3","GBr","","","","FITS   d2d","","","0",""
"abell2744-greene-v4","abell2744-greene-v4_g235m-f170lp_8204_37389.spec.fits","3.52951634","-30.37870221","37389","jw08204001001_01_msa.fits","226","G235M_F170LP","35013.3","1.61","4.58","0.1","0.014","2025-11-06 14:57:12.828","0.9.13.dev13+g833a53735","RNa24  z=N/A","1","5.7301","5.7301","3","Auto","Redshift matches abell2744-greene-v4_prism-clear_8204_37389 z=5.7320","","","FITS   d2d","","","0",""
"abell2744-greene-v4","abell2744-greene-v4_g395m-f290lp_8204_b214.spec.fits","3.5361341","-30.37636588","214","jw08204001001_01_msa.fits","214","G395M_F290LP","8753.3","2.69","5.5","0.1","0.014","2025-11-06 14:54:47.209","0.9.13.dev13+g833a53735","-","0","","","-1","","","","","FITS   d2d","","","0",""
"abell2744-greene-v4","abell2744-greene-v4_prism-clear_8204_57642.spec.fits","3.56307151","-30.34488341","57642","jw08204001001_01_msa.fits","133","PRISM_CLEAR","2188.3","0.55","5.5","0.1","0.014","2025-11-06 14:17:11.613","0.9.13.dev13+g833a53735","-","0","0.7003","0.7003","1","GBr","","","","FITS   d2d","","","0",""
"abell2744-greene-v4","abell2744-greene-v4_prism-clear_8204_53258.spec.fits","3.57449087","-30.35308075","53258","jw08204001001_01_msa.fits","85","PRISM_CLEAR","2188.3","0.55","5.5","0.3","0.014","2025-11-06 13:56:56.624","0.9.13.dev13+g833a53735","-","0","5.3128","5.3128","3","GBr","","","","FITS   d2d","","","0",""
"abell2744-greene-v4","abell2744-greene-v4_g395m-f290lp_8204_b72.spec.fits","3.57621795","-30.38549804","72","jw08204001001_01_msa.fits","72","G395M_F290LP","8753.3","2.69","5.5","0.1","0.013","2025-11-06 15:09:39.104","0.9.13.dev13+g833a53735","-","0","","","-1","","","","","FITS   d2d","","","0",""
"abell2744-greene-v4","abell2744-greene-v4_g395m-f290lp_8204_b9.spec.fits","3.58956165","-30.38140283","9","jw08204001001_01_msa.fits","9","G395M_F290LP","8753.3","2.69","5.5","0.1","0.012","2025-11-06 14:42:45.273","0.9.13.dev13+g833a53735","-","0","","","-1","","","","","FITS   d2d","","","0",""
"abell2744-greene-v4","abell2744-greene-v4_g235m-f170lp_8204_27915.spec.fits","3.54871162","-30.39465992","27915","jw08204001001_01_msa.fits","145","G235M_F170LP","35013.3","1.61","4.58","0.1","0.012","2025-11-06 14:01:50.955","0.9.13.dev13+g833a53735","RNa24  z=N/A ;  RNa24  z=N/A ;  RNa24  z=N/A","3","5.769","5.769","3","Auto","Redshift matches abell2744-greene-v4_prism-clear_8204_27915 z=5.7700","","","FITS   d2d","","","0",""
"abell2744-greene-v4","abell2744-greene-v4_g395m-f290lp_8204_b61.spec.fits","3.57688507","-30.37596296","61","jw08204001001_01_msa.fits","61","G395M_F290LP","8753.3","2.69","5.5","0.1","0.012","2025-11-06 15:00:59.815","0.9.13.dev13+g833a53735","-","0","","","-1","","","","","FITS   d2d","","","0",""
"abell2744-greene-v4","abell2744-greene-v4_prism-clear_8204_b188.spec.fits","3.53637178","-30.38804203","188","jw08204001001_01_msa.fits","188","PRISM_CLEAR","2188.3","0.55","5.5","0.3","0.012","2025-11-06 14:15:13.494","0.9.13.dev13+g833a53735","-","0","0.6704","0.6704","1","GBr","","","","FITS   d2d","","","0",""
"abell2744-greene-v4","abell2744-greene-v4_g235m-f170lp_8204_49245.spec.fits","3.58282957","-30.36029652","49245","jw08204001001_01_msa.fits","46","G235M_F170LP","35013.3","1.73","3.88","0.1","0.011","2025-11-06 14:59:32.195","0.9.13.dev13+g833a53735","RNa24  z=N/A","1","6.7658","6.7658","3","Auto","Redshift matches abell2744-greene-v4_prism-clear_8204_49245 z=6.7638","","","FITS   d2d","","","0",""
"abell2744-greene-v4","abell2744-greene-v4_g395m-f290lp_8204_b188.spec.fits","3.53637252","-30.38802735","188","jw08204001001_01_msa.fits","188","G395M_F290LP","8753.3","2.69","5.5","0.1","0.011","2025-11-06 14:15:20.882","0.9.13.dev13+g833a53735","-","0","","","-1","","","","","FITS   d2d","","","0",""
"abell2744-greene-v4","abell2744-greene-v4_g235m-f170lp_8204_b214.spec.fits","3.5361341","-30.37636588","214","jw08204001001_01_msa.fits","214","G235M_F170LP","35013.3","1.61","4.58","0.1","0.011","2025-11-06 14:54:54.881","0.9.13.dev13+g833a53735","-","0","","","-1","","","","","FITS   d2d","","","0",""
"abell2744-greene-v4","abell2744-greene-v4_g395m-f290lp_8204_50493.spec.fits","3.52997076","-30.35815766","50493","jw08204001001_01_msa.fits","228","G395M_F290LP","8753.3","2.69","5.42","0.1","0.01","2025-11-06 14:16:24.350","0.9.13.dev13+g833a53735","RNa24  z=N/A","1","4.9631","4.9631","3","Auto","Redshift matches abell2744-greene-v4_prism-clear_8204_50493 z=4.9648","","","FITS   d2d","","","0",""
"abell2744-greene-v4","abell2744-greene-v4_g395m-f290lp_8204_33082.spec.fits","3.53968049","-30.38479991","33082","jw08204001001_01_msa.fits","178","G395M_F290LP","8753.3","2.69","5.5","0.1","0.01","2025-11-06 14:18:41.253","0.9.13.dev13+g833a53735","-","0","5.7655","5.7655","3","Auto","Redshift matches abell2744-greene-v4_prism-clear_8204_33082 z=5.7637","","","FITS   d2d","","","0",""
"abell2744-greene-v4","abell2744-greene-v4_prism-clear_8204_32270.spec.fits","3.54541116","-30.38659649","32270","jw08204001001_01_msa.fits","161","PRISM_CLEAR","2188.3","0.55","5.5","0.2","0.01","2025-11-06 15:07:59.509","0.9.13.dev13+g833a53735","-","0","6.2274","6.2274","1","GBr","","","","FITS   d2d","","","0",""
"abell2744-greene-v4","abell2744-greene-v4_g395m-f290lp_8204_b23.spec.fits","3.58763697","-30.36319625","23","jw08204001001_01_msa.fits","23","G395M_F290LP","8753.3","2.69","5.5","0.1","0.009","2025-11-06 14:04:59.034","0.9.13.dev13+g833a53735","-","0","","","-1","","","","","FITS   d2d","","","0",""
"abell2744-greene-v4","abell2744-greene-v4_prism-clear_8204_b214.spec.fits","3.53613337","-30.37638056","214","jw08204001001_01_msa.fits","214","PRISM_CLEAR","2188.3","0.55","5.5","0.2","0.009","2025-11-06 14:54:41.121","0.9.13.dev13+g833a53735","-","0","4.3136","4.3136","1","GBr","","","","FITS   d2d","","","0",""
"abell2744-greene-v4","abell2744-greene-v4_g235m-f170lp_8204_b152.spec.fits","3.54748435","-30.38955298","152","jw08204001001_01_msa.fits","152","G235M_F170LP","35013.3","1.61","4.58","0.1","0.009","2025-11-06 14:55:38.649","0.9.13.dev13+g833a53735","-","0","","","-1","","","","","FITS   d2d","","","0",""
"abell2744-greene-v4","abell2744-greene-v4_g235m-f170lp_8204_52632.spec.fits","3.57088588","-30.3543744","52632","jw08204001001_01_msa.fits","93","G235M_F170LP","35013.3","1.61","4.28","0.1","0.009","2025-11-06 14:52:01.094","0.9.13.dev13+g833a53735","-","0","3.8948","3.8948","3","Auto","Redshift matches uncover-62-v4_prism-clear_2561_52632 z=3.8935","","","FITS   d2d","","","0",""
"abell2744-greene-v4","abell2744-greene-v4_g235m-f170lp_8204_58852.spec.fits","3.54178288","-30.34244002","58852","jw08204001001_01_msa.fits","179","G235M_F170LP","35013.3","1.61","4.58","0.1","0.009","2025-11-06 15:06:59.541","0.9.13.dev13+g833a53735","-","0","","","-1","","","","","FITS   d2d","","","0",""
"abell2744-greene-v4","abell2744-greene-v4_g395m-f290lp_8204_b71.spec.fits","3.57596477","-30.39144531","71","jw08204001001_01_msa.fits","71","G395M_F290LP","8753.3","2.69","5.5","0.1","0.009","2025-11-06 13:51:04.302","0.9.13.dev13+g833a53735","-","0","","","-1","","","","","FITS   d2d","","","0",""
"abell2744-greene-v4","abell2744-greene-v4_g395m-f290lp_8204_56253.spec.fits","3.53633834","-30.3478609","56253","jw08204001001_01_msa.fits","218","G395M_F290LP","8753.3","2.69","5.5","0","0.009","2025-11-06 14:56:16.333","0.9.13.dev13+g833a53735","-","0","","","-1","","","","","FITS   d2d","","","0",""
"abell2744-greene-v4","abell2744-greene-v4_prism-clear_8204_33082.spec.fits","3.53968049","-30.38479991","33082","jw08204001001_01_msa.fits","178","PRISM_CLEAR","2188.3","0.55","5.5","0.2","0.008","2025-11-06 14:18:34.925","0.9.13.dev13+g833a53735","-","0","5.7638","5.7637","3","GBr","","","","FITS   d2d","","","0",""
"abell2744-greene-v4","abell2744-greene-v4_g395m-f290lp_8204_b191.spec.fits","3.53625381","-30.38861944","191","jw08204001001_01_msa.fits","191","G395M_F290LP","8753.3","2.69","5.5","0","0.008","2025-11-06 13:53:41.145","0.9.13.dev13+g833a53735","-","0","","","-1","","","","","FITS   d2d","","","0",""
"abell2744-greene-v4","abell2744-greene-v4_prism-clear_8204_b152.spec.fits","3.54748508","-30.3895383","152","jw08204001001_01_msa.fits","152","PRISM_CLEAR","2188.3","0.55","5.5","0.2","0.008","2025-11-06 14:55:23.893","0.9.13.dev13+g833a53735","-","0","1.2598","1.2598","1","GBr","","","","FITS   d2d","","","0",""
"abell2744-greene-v4","abell2744-greene-v4_g395m-f290lp_8204_b74.spec.fits","3.57774711","-30.34108881","74","jw08204001001_01_msa.fits","74","G395M_F290LP","8753.3","2.69","5.5","0.1","0.008","2025-11-06 14:30:31.925","0.9.13.dev13+g833a53735","-","0","","","-1","","","","","FITS   d2d","","","0",""
"abell2744-greene-v4","abell2744-greene-v4_g395m-f290lp_8204_b203.spec.fits","3.53771401","-30.35493727","203","jw08204001001_01_msa.fits","203","G395M_F290LP","8753.3","2.69","5.5","0","0.007","2025-11-06 14:45:48.716","0.9.13.dev13+g833a53735","-","0","","","-1","","","","","FITS   d2d","","","0",""
"abell2744-greene-v4","abell2744-greene-v4_g235m-f170lp_8204_48538.spec.fits","3.57613247","-30.36145983","48538","jw08204001001_01_msa.fits","81","G235M_F170LP","35013.3","1.61","4.09","0","0.007","2025-11-06 14:40:55.438","0.9.13.dev13+g833a53735","-","0","","","-1","","","","","FITS   d2d","","","0",""
"abell2744-greene-v4","abell2744-greene-v4_g395m-f290lp_8204_b10.spec.fits","3.58950711","-30.38058511","10","jw08204001001_01_msa.fits","10","G395M_F290LP","8753.3","2.69","5.5","0","0.007","2025-11-06 14:52:08.238","0.9.13.dev13+g833a53735","-","0","","","-1","","","","","FITS   d2d","","","0",""
"abell2744-greene-v4","abell2744-greene-v4_g395m-f290lp_8204_b199.spec.fits","3.53636996","-30.38163366","199","jw08204001001_01_msa.fits","199","G395M_F290LP","8753.3","2.69","5.5","0","0.007","2025-11-06 14:20:45.536","0.9.13.dev13+g833a53735","-","0","","","-1","","","","","FITS   d2d","","","0",""
"abell2744-greene-v4","abell2744-greene-v4_g395m-f290lp_8204_b206.spec.fits","3.53742011","-30.35884591","206","jw08204001001_01_msa.fits","206","G395M_F290LP","8753.3","2.69","5.5","0","0.007","2025-11-06 14:44:08.757","0.9.13.dev13+g833a53735","-","0","","","-1","","","","","FITS   d2d","","","0",""
"abell2744-greene-v4","abell2744-greene-v4_g395m-f290lp_8204_b224.spec.fits","3.53390725","-30.34407472","224","jw08204001001_01_msa.fits","224","G395M_F290LP","8753.3","2.69","5.29","0","0.007","2025-11-06 14:40:29.738","0.9.13.dev13+g833a53735","-","0","","","-1","","","","","FITS   d2d","","","0",""
"abell2744-greene-v4","abell2744-greene-v4_g235m-f170lp_8204_32270.spec.fits","3.54541116","-30.38659649","32270","jw08204001001_01_msa.fits","161","G235M_F170LP","35013.3","1.6","4.58","0.1","0.007","2025-11-06 15:08:20.993","0.9.13.dev13+g833a53735","-","0","","","-1","","","","","FITS   d2d","","","0",""
"abell2744-greene-v4","abell2744-greene-v4_prism-clear_8204_b72.spec.fits","3.57621868","-30.38548336","72","jw08204001001_01_msa.fits","72","PRISM_CLEAR","2188.3","0.55","5.49","0.1","0.006","2025-11-06 15:09:33.940","0.9.13.dev13+g833a53735","-","0","0.4079","0.4079","1","GBr","","","","FITS   d2d","","","0",""
"abell2744-greene-v4","abell2744-greene-v4_g235m-f170lp_8204_b62.spec.fits","3.57691183","-30.37534342","62","jw08204001001_01_msa.fits","62","G235M_F170LP","35013.3","1.61","4.03","0","0.006","2025-11-06 14:00:11.027","0.9.13.dev13+g833a53735","-","0","","","-1","","","","","FITS   d2d","","","0",""
"abell2744-greene-v4","abell2744-greene-v4_g235m-f170lp_8204_b23.spec.fits","3.58763697","-30.36319625","23","jw08204001001_01_msa.fits","23","G235M_F170LP","35013.3","1.61","3.72","0","0.006","2025-11-06 14:05:04.638","0.9.13.dev13+g833a53735","-","0","","","-1","","","","","FITS   d2d","","","0",""
"abell2744-greene-v4","abell2744-greene-v4_g395m-f290lp_8204_b78.spec.fits","3.57708637","-30.35016986","78","jw08204001001_01_msa.fits","78","G395M_F290LP","8753.3","2.69","5.5","0","0.005","2025-11-06 14:25:40.899","0.9.13.dev13+g833a53735","-","0","","","-1","","","","","FITS   d2d","","","0",""
"abell2744-greene-v4","abell2744-greene-v4_prism-clear_8204_b59.spec.fits","3.57657297","-30.38326888","59","jw08204001001_01_msa.fits","59","PRISM_CLEAR","2188.3","0.55","5.5","0.1","0.005","2025-11-06 14:14:47.778","0.9.13.dev13+g833a53735","-","0","6.3476","6.3476","1","GBr","","","","FITS   d2d","","","0",""
"abell2744-greene-v4","abell2744-greene-v4_g235m-f170lp_8204_b71.spec.fits","3.57596622","-30.39141595","71","jw08204001001_01_msa.fits","71","G235M_F170LP","35013.3","1.61","4.01","0","0.005","2025-11-06 13:51:13.942","0.9.13.dev13+g833a53735","-","0","","","-1","","","","","FITS   d2d","","","0",""
"abell2744-greene-v4","abell2744-greene-v4_g235m-f170lp_8204_b223.spec.fits","3.53383353","-30.34545239","223","jw08204001001_01_msa.fits","223","G235M_F170LP","35013.3","1.61","4.58","0","0.005","2025-11-06 14:42:32.021","0.9.13.dev13+g833a53735","-","0","","","-1","","","","","FITS   d2d","","","0",""
"abell2744-greene-v4","abell2744-greene-v4_g235m-f170lp_8204_b68.spec.fits","3.57608769","-30.39060034","68","jw08204001001_01_msa.fits","68","G235M_F170LP","35013.3","1.61","4.01","0","0.004","2025-11-06 14:14:04.306","0.9.13.dev13+g833a53735","-","0","","","-1","","","","","FITS   d2d","","","0",""
"abell2744-greene-v4","abell2744-greene-v4_g395m-f290lp_8204_b148.spec.fits","3.54888532","-30.37897769","148","jw08204001001_01_msa.fits","148","G395M_F290LP","8753.3","2.69","5.5","0","0.004","2025-11-06 14:09:17.224","0.9.13.dev13+g833a53735","-","0","","","-1","","","","","FITS   d2d","","","0",""
"abell2744-greene-v4","abell2744-greene-v4_prism-clear_8204_b71.spec.fits","3.5759655","-30.39143063","71","jw08204001001_01_msa.fits","71","PRISM_CLEAR","2188.3","0.55","5.5","0.1","0.004","2025-11-06 13:50:55.402","0.9.13.dev13+g833a53735","-","0","0.7899","0.7899","1","GBr","","","","FITS   d2d","","","0",""
"abell2744-greene-v4","abell2744-greene-v4_prism-clear_8204_b9.spec.fits","3.58956092","-30.38141751","9","jw08204001001_01_msa.fits","9","PRISM_CLEAR","2188.3","0.55","5.5","0.1","0.004","2025-11-06 14:42:40.409","0.9.13.dev13+g833a53735","-","0","0.4811","0.4811","1","GBr","","","","FITS   d2d","","","0",""
"abell2744-greene-v4","abell2744-greene-v4_prism-clear_8204_b63.spec.fits","3.57693325","-30.37484186","63","jw08204001001_01_msa.fits","63","PRISM_CLEAR","2188.3","0.55","5.5","0.1","0.004","2025-11-06 14:16:03.658","0.9.13.dev13+g833a53735","-","0","0.1675","0.1675","1","GBr","","","","FITS   d2d","","","0",""
"abell2744-greene-v4","abell2744-greene-v4_prism-clear_8204_b223.spec.fits","3.5338328","-30.34546707","223","jw08204001001_01_msa.fits","223","PRISM_CLEAR","2188.3","0.55","5.5","0.1","0.004","2025-11-06 14:42:19.053","0.9.13.dev13+g833a53735","-","0","8.8895","8.8895","1","GBr","","","","FITS   d2d","","","0",""
"abell2744-greene-v4","abell2744-greene-v4_prism-clear_8204_b208.spec.fits","3.53738783","-30.3578351","208","jw08204001001_01_msa.fits","208","PRISM_CLEAR","2188.3","0.55","5.49","0","0.003","2025-11-06 14:04:22.018","0.9.13.dev13+g833a53735","-","0","0.4154","0.4153","1","GBr","","","","FITS   d2d","","","0",""
"abell2744-greene-v4","abell2744-greene-v4_prism-clear_8204_b230.spec.fits","3.52836402","-30.37442575","230","jw08204001001_01_msa.fits","230","PRISM_CLEAR","2188.3","0.55","5.5","0.1","0.003","2025-11-06 14:43:00.473","0.9.13.dev13+g833a53735","-","0","8.051","8.051","1","GBr","","","","FITS   d2d","","","0",""
"abell2744-greene-v4","abell2744-greene-v4_g235m-f170lp_8204_b74.spec.fits","3.57774565","-30.34111817","74","jw08204001001_01_msa.fits","74","G235M_F170LP","35013.3","1.61","4.1","0","0.003","2025-11-06 14:30:46.009","0.9.13.dev13+g833a53735","-","0","","","-1","","","","","FITS   d2d","","","0",""
"abell2744-greene-v4","abell2744-greene-v4_prism-clear_8204_b150.spec.fits","3.54769955","-30.39044056","150","jw08204001001_01_msa.fits","150","PRISM_CLEAR","2188.3","0.55","5.5","0.1","0.003","2025-11-06 14:36:19.035","0.9.13.dev13+g833a53735","-","0","1.2184","1.2184","1","GBr","","","","FITS   d2d","","","0",""
"abell2744-greene-v4","abell2744-greene-v4_prism-clear_8204_b77.spec.fits","3.57721462","-30.34921402","77","jw08204001001_01_msa.fits","77","PRISM_CLEAR","2188.3","0.55","5.5","0","0.002","2025-11-06 14:39:35.230","0.9.13.dev13+g833a53735","-","0","0.6896","0.6896","1","GBr","","","","FITS   d2d","","","0",""
"abell2744-greene-v4","abell2744-greene-v4_prism-clear_8204_27915.spec.fits","3.54871162","-30.39465992","27915","jw08204001001_01_msa.fits","145","PRISM_CLEAR","2188.3","0.55","5.5","0","0.002","2025-11-06 14:01:34.431","0.9.13.dev13+g833a53735","RNa24  z=N/A ;  RNa24  z=N/A ;  RNa24  z=N/A","3","4.1674","5.77","3","GBr","lines in gratings and neighbor","","","FITS   d2d","","","0",""
"abell2744-greene-v4","abell2744-greene-v4_prism-clear_8204_b68.spec.fits","3.57608697","-30.39061502","68","jw08204001001_01_msa.fits","68","PRISM_CLEAR","2188.3","0.55","5.5","0.1","0.002","2025-11-06 14:13:45.959","0.9.13.dev13+g833a53735","-","0","5.1416","5.1415","1","GBr","","","","FITS   d2d","","","0",""
"abell2744-greene-v4","abell2744-greene-v4_g235m-f170lp_8204_37843.spec.fits","3.57907246","-30.37726285","37843","jw08204001001_01_msa.fits","55","G235M_F170LP","35013.3","1.8","3.95","0","0.002","2025-11-06 13:48:09.327","0.9.13.dev13+g833a53735","-","0","4.3072","4.3072","3","Auto","Redshift matches abell2744-greene-v4_prism-clear_8204_37843 z=4.3232","","","FITS   d2d","","","0",""
"abell2744-greene-v4","abell2744-greene-v4_prism-clear_8204_b157.spec.fits","3.54799666","-30.35228688","157","jw08204001001_01_msa.fits","157","PRISM_CLEAR","2188.3","0.55","5.5","0","0.002","2025-11-06 14:51:15.402","0.9.13.dev13+g833a53735","-","0","5.0417","5.0416","1","GBr","","","","FITS   d2d","","","0",""
"abell2744-greene-v4","abell2744-greene-v4_g395m-f290lp_8204_51371.spec.fits","3.52860936","-30.3564484","51371","jw08204001001_01_msa.fits","238","G395M_F290LP","8753.3","2.69","4.9","0","0.002","2025-11-06 14:49:11.183","0.9.13.dev13+g833a53735","RNa24  z=N/A","1","6.2035","6.2035","3","Auto","Redshift matches abell2744-greene-v4_prism-clear_8204_51371 z=6.2065","","","FITS   d2d","","","0",""
"abell2744-greene-v4","abell2744-greene-v4_prism-clear_8204_b61.spec.fits","3.5768858","-30.37594828","61","jw08204001001_01_msa.fits","61","PRISM_CLEAR","2188.3","0.55","5.5","0","0.002","2025-11-06 15:00:54.347","0.9.13.dev13+g833a53735","-","0","5.423","5.423","1","GBr","","","","FITS   d2d","","","0",""
"abell2744-greene-v4","abell2744-greene-v4_g395m-f290lp_8204_b77.spec.fits","3.57721389","-30.3492287","77","jw08204001001_01_msa.fits","77","G395M_F290LP","8753.3","2.69","5.5","0","0.002","2025-11-06 14:39:41.498","0.9.13.dev13+g833a53735","-","0","","","-1","","","","","FITS   d2d","","","0",""
"abell2744-greene-v4","abell2744-greene-v4_prism-clear_8204_b156.spec.fits","3.54814869","-30.35098069","156","jw08204001001_01_msa.fits","156","PRISM_CLEAR","2188.3","0.55","5.5","0","0.001","2025-11-06 14:33:15.308","0.9.13.dev13+g833a53735","-","0","4.6699","4.6699","1","GBr","","","","FITS   d2d","","","0",""
"abell2744-greene-v4","abell2744-greene-v4_prism-clear_8204_b141.spec.fits","3.55017146","-30.38784488","141","jw08204001001_01_msa.fits","141","PRISM_CLEAR","2188.3","0.55","5.5","0","0.001","2025-11-06 14:01:47.675","0.9.13.dev13+g833a53735","-","0","8.443","8.443","1","GBr","","","","FITS   d2d","","","0",""
"abell2744-greene-v4","abell2744-greene-v4_g235m-f170lp_8204_b212.spec.fits","3.53836929","-30.33925306","212","jw08204001001_01_msa.fits","212","G235M_F170LP","35013.3","1.61","4.58","0","0","2025-11-06 14:03:43.386","0.9.13.dev13+g833a53735","-","0","","","-1","","","","","FITS   d2d","","","0",""
"abell2744-greene-v4","abell2744-greene-v4_prism-clear_8204_b217.spec.fits","3.53654676","-30.34614049","217","jw08204001001_01_msa.fits","217","PRISM_CLEAR","2188.3","0.55","5.5","0","0","2025-11-06 13:55:25.585","0.9.13.dev13+g833a53735","-","0","0.118","0.118","1","GBr","","","","FITS   d2d","","","0",""
"abell2744-greene-v4","abell2744-greene-v4_prism-clear_8204_b190.spec.fits","3.53602805","-30.39280512","190","jw08204001001_01_msa.fits","190","PRISM_CLEAR","2188.3","0.55","5.5","0","0","2025-11-06 13:50:32.867","0.9.13.dev13+g833a53735","-","0","0.266","0.266","1","GBr","","","","FITS   d2d","","","0",""
"abell2744-greene-v4","abell2744-greene-v4_prism-clear_8204_b225.spec.fits","3.53396074","-30.34307491","225","jw08204001001_01_msa.fits","225","PRISM_CLEAR","2188.3","0.55","5.5","0","0","2025-11-06 14:36:24.027","0.9.13.dev13+g833a53735","-","0","5.7172","5.7172","1","GBr","","","","FITS   d2d","","","0",""
"abell2744-greene-v4","abell2744-greene-v4_g395m-f290lp_8204_b68.spec.fits","3.57608624","-30.3906297","68","jw08204001001_01_msa.fits","68","G395M_F290LP","8753.3","2.69","5.5","0","0","2025-11-06 14:13:53.579","0.9.13.dev13+g833a53735","-","0","","","-1","","","","","FITS   d2d","","","0",""
"abell2744-greene-v4","abell2744-greene-v4_g235m-f170lp_8204_b203.spec.fits","3.53771401","-30.35493727","203","jw08204001001_01_msa.fits","203","G235M_F170LP","35013.3","1.61","4.58","0","0","2025-11-06 14:46:02.252","0.9.13.dev13+g833a53735","-","0","","","-1","","","","","FITS   d2d","","","0",""
"abell2744-greene-v4","abell2744-greene-v4_prism-clear_8204_b97.spec.fits","3.56867473","-30.38757043","97","jw08204001001_01_msa.fits","97","PRISM_CLEAR","2188.3","2.68","5.5","0","0","2025-11-06 13:59:29.363","0.9.13.dev13+g833a53735","-","0","3.1049","3.1049","1","GBr","","","","FITS   d2d","","","0",""
"abell2744-greene-v4","abell2744-greene-v4_g395m-f290lp_8204_b62.spec.fits","3.57691183","-30.37534342","62","jw08204001001_01_msa.fits","62","G395M_F290LP","8753.3","2.69","5.5","0","0","2025-11-06 14:00:04.067","0.9.13.dev13+g833a53735","-","0","","","-1","","","","","FITS   d2d","","","0",""
"abell2744-greene-v4","abell2744-greene-v4_prism-clear_8204_b221.spec.fits","3.5347277","-30.34157747","221","jw08204001001_01_msa.fits","221","PRISM_CLEAR","2188.3","0.55","5.5","0","0","2025-11-06 14:14:22.310","0.9.13.dev13+g833a53735","-","0","4.4058","4.4058","1","GBr","","","","FITS   d2d","","","0",""
"abell2744-greene-v4","abell2744-greene-v4_g395m-f290lp_8204_b212.spec.fits","3.53837076","-30.3392237","212","jw08204001001_01_msa.fits","212","G395M_F290LP","8753.3","2.69","5.5","0","0","2025-11-06 14:03:31.394","0.9.13.dev13+g833a53735","-","0","","","-1","","","","","FITS   d2d","","","0",""
"abell2744-greene-v4","abell2744-greene-v4_prism-clear_8204_b62.spec.fits","3.5769111","-30.3753581","62","jw08204001001_01_msa.fits","62","PRISM_CLEAR","2188.3","0.55","5.5","0","0","2025-11-06 13:59:57.963","0.9.13.dev13+g833a53735","-","0","6.3396","6.3396","1","GBr","","","","FITS   d2d","","","0",""
"abell2744-greene-v4","abell2744-greene-v4_g395m-f290lp_8204_b194.spec.fits","3.53685279","-30.3758721","194","jw08204001001_01_msa.fits","194","G395M_F290LP","8753.3","2.69","5.5","0","0","2025-11-06 14:33:46.832","0.9.13.dev13+g833a53735","-","0","","","-1","","","","","FITS   d2d","","","0",""
"abell2744-greene-v4","abell2744-greene-v4_g235m-f170lp_8204_33082.spec.fits","3.53968049","-30.38479991","33082","jw08204001001_01_msa.fits","178","G235M_F170LP","35013.3","1.61","4.58","0","-0.001","2025-11-06 14:18:50.097","0.9.13.dev13+g833a53735","-","0","5.7659","5.7659","3","Auto","Redshift matches abell2744-greene-v4_prism-clear_8204_33082 z=5.7637","","","FITS   d2d","","","0",""
"abell2744-greene-v4","abell2744-greene-v4_prism-clear_8204_b74.spec.fits","3.57774638","-30.34110349","74","jw08204001001_01_msa.fits","74","PRISM_CLEAR","2188.3","0.55","5.5","0","-0.001","2025-11-06 14:30:35.521","0.9.13.dev13+g833a53735","-","0","5.8577","5.8577","1","GBr","","","","FITS   d2d","","","0",""
"abell2744-greene-v4","abell2744-greene-v4_g395m-f290lp_8204_b70.spec.fits","3.57632976","-30.38490791","70","jw08204001001_01_msa.fits","70","G395M_F290LP","8753.3","2.69","5.5","0","-0.001","2025-11-06 14:33:26.924","0.9.13.dev13+g833a53735","-","0","","","-1","","","","","FITS   d2d","","","0",""
"abell2744-greene-v4","abell2744-greene-v4_prism-clear_8204_b66.spec.fits","3.57645491","-30.38400673","66","jw08204001001_01_msa.fits","66","PRISM_CLEAR","2188.3","0.55","5.5","0","-0.001","2025-11-06 15:03:57.170","0.9.13.dev13+g833a53735","-","0","4.9726","4.9726","1","GBr","","","","FITS   d2d","","","0",""
"abell2744-greene-v4","abell2744-greene-v4_prism-clear_8204_b36.spec.fits","3.58613655","-30.35985306","36","jw08204001001_01_msa.fits","36","PRISM_CLEAR","2188.3","0.55","5.5","0","-0.001","2025-11-06 14:50:11.739","0.9.13.dev13+g833a53735","-","0","5.6497","5.6497","1","GBr","","","","FITS   d2d","","","0",""
"abell2744-greene-v4","abell2744-greene-v4_g395m-f290lp_8204_b150.spec.fits","3.54769882","-30.39045524","150","jw08204001001_01_msa.fits","150","G395M_F290LP","8753.3","2.69","5.5","0","-0.001","2025-11-06 14:36:25.503","0.9.13.dev13+g833a53735","-","0","","","-1","","","","","FITS   d2d","","","0",""
"abell2744-greene-v4","abell2744-greene-v4_g235m-f170lp_8204_b150.spec.fits","3.54769882","-30.39045524","150","jw08204001001_01_msa.fits","150","G235M_F170LP","35013.3","1.61","4.58","0","-0.001","2025-11-06 14:36:35.275","0.9.13.dev13+g833a53735","-","0","","","-1","","","","","FITS   d2d","","","0",""
"abell2744-greene-v4","abell2744-greene-v4_g235m-f170lp_8204_b224.spec.fits","3.53390725","-30.34407472","224","jw08204001001_01_msa.fits","224","G235M_F170LP","35013.3","1.61","4.58","0","-0.001","2025-11-06 14:40:42.750","0.9.13.dev13+g833a53735","-","0","","","-1","","","","","FITS   d2d","","","0",""
"abell2744-greene-v4","abell2744-greene-v4_prism-clear_8204_b212.spec.fits","3.53837002","-30.33923838","212","jw08204001001_01_msa.fits","212","PRISM_CLEAR","2188.3","0.55","5.5","0","-0.001","2025-11-06 14:03:21.490","0.9.13.dev13+g833a53735","-","0","4.9726","4.9726","1","GBr","","","","FITS   d2d","","","0",""
"abell2744-greene-v4","abell2744-greene-v4_prism-clear_8204_b78.spec.fits","3.5770871","-30.35015517","78","jw08204001001_01_msa.fits","78","PRISM_CLEAR","2188.3","0.55","5.5","0","-0.002","2025-11-06 14:25:33.027","0.9.13.dev13+g833a53735","-","0","2.7276","2.7277","1","GBr","","","","FITS   d2d","","","0",""
"abell2744-greene-v4","abell2744-greene-v4_prism-clear_8204_b198.spec.fits","3.53828637","-30.34736309","198","jw08204001001_01_msa.fits","198","PRISM_CLEAR","2188.3","0.55","5.5","0","-0.002","2025-11-06 15:03:13.022","0.9.13.dev13+g833a53735","-","0","0.2436","0.2436","1","GBr","","","","FITS   d2d","","","0",""
"abell2744-greene-v4","abell2744-greene-v4_prism-clear_8204_b224.spec.fits","3.53390652","-30.3440894","224","jw08204001001_01_msa.fits","224","PRISM_CLEAR","2188.3","0.55","5.5","0","-0.002","2025-11-06 14:40:23.106","0.9.13.dev13+g833a53735","-","0","4.7689","4.7689","1","GBr","","","","FITS   d2d","","","0",""
"abell2744-greene-v4","abell2744-greene-v4_g395m-f290lp_8204_b200.spec.fits","3.53785399","-30.35391991","200","jw08204001001_01_msa.fits","200","G395M_F290LP","8753.3","2.69","5.5","0","-0.002","2025-11-06 14:36:31.035","0.9.13.dev13+g833a53735","-","0","","","-1","","","","","FITS   d2d","","","0",""
"abell2744-greene-v4","abell2744-greene-v4_prism-clear_8204_b139.spec.fits","3.55090223","-30.3801456","139","jw08204001001_01_msa.fits","139","PRISM_CLEAR","2188.3","0.55","5.5","-0.1","-0.003","2025-11-06 14:46:17.324","0.9.13.dev13+g833a53735","-","0","0.2036","0.2036","1","GBr","","","","FITS   d2d","","","0",""
"abell2744-greene-v4","abell2744-greene-v4_prism-clear_8204_b191.spec.fits","3.53625308","-30.38863412","191","jw08204001001_01_msa.fits","191","PRISM_CLEAR","2188.3","0.55","5.5","-0.1","-0.003","2025-11-06 13:53:35.737","0.9.13.dev13+g833a53735","-","0","1.0077","1.0077","1","GBr","","","","FITS   d2d","","","0",""
"abell2744-greene-v4","abell2744-greene-v4_prism-clear_8204_b213.spec.fits","3.53819331","-30.34097103","213","jw08204001001_01_msa.fits","213","PRISM_CLEAR","2188.3","0.55","5.5","0","-0.003","2025-11-06 15:11:43.379","0.9.13.dev13+g833a53735","-","0","4.2032","4.2032","1","GBr","","","","FITS   d2d","","","0",""
"abell2744-greene-v4","abell2744-greene-v4_prism-clear_8204_b23.spec.fits","3.58763624","-30.36321093","23","jw08204001001_01_msa.fits","23","PRISM_CLEAR","2188.3","0.55","5.5","-0.1","-0.003","2025-11-06 14:04:53.046","0.9.13.dev13+g833a53735","-","0","1.0802","1.0802","1","GBr","","","","FITS   d2d","","","0",""
"abell2744-greene-v4","abell2744-greene-v4_prism-clear_8204_b70.spec.fits","3.57633049","-30.38489323","70","jw08204001001_01_msa.fits","70","PRISM_CLEAR","2188.3","0.55","5.5","-0.1","-0.003","2025-11-06 14:33:18.896","0.9.13.dev13+g833a53735","-","0","3.679","3.679","1","GBr","","","","FITS   d2d","","","0",""
"abell2744-greene-v4","abell2744-greene-v4_g395m-f290lp_8204_b152.spec.fits","3.54748435","-30.38955298","152","jw08204001001_01_msa.fits","152","G395M_F290LP","8753.3","2.69","5.5","0","-0.003","2025-11-06 14:55:30.305","0.9.13.dev13+g833a53735","-","0","","","-1","","","","","FITS   d2d","","","0",""
"abell2744-greene-v4","abell2744-greene-v4_g395m-f290lp_8204_b221.spec.fits","3.53472843","-30.34156279","221","jw08204001001_01_msa.fits","221","G395M_F290LP","8753.3","2.69","5.25","0","-0.003","2025-11-06 14:14:28.718","0.9.13.dev13+g833a53735","-","0","","","-1","","","","","FITS   d2d","","","0",""
"abell2744-greene-v4","abell2744-greene-v4_prism-clear_8204_b162.spec.fits","3.54463591","-30.39264788","162","jw08204001001_01_msa.fits","162","PRISM_CLEAR","2188.3","0.55","5.5","-0.1","-0.003","2025-11-06 14:37:36.671","0.9.13.dev13+g833a53735","-","0","5.4856","5.4856","1","GBr","","","","FITS   d2d","","","0",""
"abell2744-greene-v4","abell2744-greene-v4_g235m-f170lp_8204_b188.spec.fits","3.53637252","-30.38802735","188","jw08204001001_01_msa.fits","188","G235M_F170LP","35013.3","1.61","4.58","0","-0.004","2025-11-06 14:15:32.586","0.9.13.dev13+g833a53735","-","0","","","-1","","","","","FITS   d2d","","","0",""
"abell2744-greene-v4","abell2744-greene-v4_g395m-f290lp_8204_b97.spec.fits","3.568674","-30.38758511","97","jw08204001001_01_msa.fits","97","G395M_F290LP","8753.3","2.69","5.5","0","-0.004","2025-11-06 13:59:35.015","0.9.13.dev13+g833a53735","-","0","","","-1","","","","","FITS   d2d","","","0",""
"abell2744-greene-v4","abell2744-greene-v4_prism-clear_8204_b211.spec.fits","3.53830175","-30.34053993","211","jw08204001001_01_msa.fits","211","PRISM_CLEAR","2188.3","0.55","5.5","-0.1","-0.004","2025-11-06 14:09:45.980","0.9.13.dev13+g833a53735","-","0","5.4739","5.4739","1","GBr","","","","FITS   d2d","","","0",""
"abell2744-greene-v4","abell2744-greene-v4_g235m-f170lp_8204_b157.spec.fits","3.54799739","-30.3522722","157","jw08204001001_01_msa.fits","157","G235M_F170LP","35013.3","1.61","4.58","0","-0.004","2025-11-06 14:51:35.394","0.9.13.dev13+g833a53735","-","0","","","-1","","","","","FITS   d2d","","","0",""
"abell2744-greene-v4","abell2744-greene-v4_prism-clear_8204_b39.spec.fits","3.58563606","-30.36151764","39","jw08204001001_01_msa.fits","39","PRISM_CLEAR","2188.3","0.55","5.5","-0.1","-0.004","2025-11-06 15:02:29.051","0.9.13.dev13+g833a53735","-","0","6.0504","6.0503","1","GBr","","","","FITS   d2d","","","0",""
"abell2744-greene-v4","abell2744-greene-v4_g235m-f170lp_8204_b70.spec.fits","3.57632976","-30.38490791","70","jw08204001001_01_msa.fits","70","G235M_F170LP","35013.3","1.61","4.02","0","-0.004","2025-11-06 14:33:36.756","0.9.13.dev13+g833a53735","-","0","","","-1","","","","","FITS   d2d","","","0",""
"abell2744-greene-v4","abell2744-greene-v4_prism-clear_8204_b54.spec.fits","3.58103862","-30.34231661","54","jw08204001001_01_msa.fits","54","PRISM_CLEAR","2188.3","0.55","5.5","-0.1","-0.004","2025-11-06 14:50:48.518","0.9.13.dev13+g833a53735","-","0","0.3638","0.3638","1","GBr","","","","FITS   d2d","","","0",""
"abell2744-greene-v4","abell2744-greene-v4_g235m-f170lp_8204_b190.spec.fits","3.53602879","-30.39279044","190","jw08204001001_01_msa.fits","190","G235M_F170LP","35013.3","1.61","4.58","0","-0.005","2025-11-06 13:50:46.506","0.9.13.dev13+g833a53735","-","0","","","-1","","","","","FITS   d2d","","","0",""
"abell2744-greene-v4","abell2744-greene-v4_g235m-f170lp_8204_b39.spec.fits","3.58563533","-30.36153232","39","jw08204001001_01_msa.fits","39","G235M_F170LP","35013.3","1.63","3.79","0","-0.005","2025-11-06 15:02:40.462","0.9.13.dev13+g833a53735","-","0","","","-1","","","","","FITS   d2d","","","0",""
"abell2744-greene-v4","abell2744-greene-v4_g235m-f170lp_8204_b213.spec.fits","3.53819258","-30.34098571","213","jw08204001001_01_msa.fits","213","G235M_F170LP","35013.3","1.61","4.58","0","-0.005","2025-11-06 15:11:51.379","0.9.13.dev13+g833a53735","-","0","","","-1","","","","","FITS   d2d","","","0",""
"abell2744-greene-v4","abell2744-greene-v4_g235m-f170lp_8204_b61.spec.fits","3.57688652","-30.3759336","61","jw08204001001_01_msa.fits","61","G235M_F170LP","35013.3","1.61","4.03","0","-0.005","2025-11-06 15:01:06.535","0.9.13.dev13+g833a53735","-","0","","","-1","","","","","FITS   d2d","","","0",""
"abell2744-greene-v4","abell2744-greene-v4_g395m-f290lp_8204_b190.spec.fits","3.53602879","-30.39279044","190","jw08204001001_01_msa.fits","190","G395M_F290LP","8753.3","2.69","5.5","0","-0.005","2025-11-06 13:50:38.082","0.9.13.dev13+g833a53735","-","0","","","-1","","","","","FITS   d2d","","","0",""
"abell2744-greene-v4","abell2744-greene-v4_prism-clear_8204_56253.spec.fits","3.53633834","-30.3478609","56253","jw08204001001_01_msa.fits","218","PRISM_CLEAR","2188.3","0.55","5.5","-0.1","-0.005","2025-11-06 14:56:09.813","0.9.13.dev13+g833a53735","-","0","9.1653","9.1653","1","GBr","","","","FITS   d2d","","","0",""
"abell2744-greene-v4","abell2744-greene-v4_g235m-f170lp_8204_b97.spec.fits","3.568674","-30.38758511","97","jw08204001001_01_msa.fits","97","G235M_F170LP","35013.3","1.61","4.25","0","-0.005","2025-11-06 13:59:41.583","0.9.13.dev13+g833a53735","-","0","","","-1","","","","","FITS   d2d","","","0",""
"abell2744-greene-v4","abell2744-greene-v4_g395m-f290lp_8204_b157.spec.fits","3.54799592","-30.35230156","157","jw08204001001_01_msa.fits","157","G395M_F290LP","8753.3","2.69","5.5","0","-0.006","2025-11-06 14:51:22.854","0.9.13.dev13+g833a53735","-","0","","","-1","","","","","FITS   d2d","","","0",""
"abell2744-greene-v4","abell2744-greene-v4_prism-clear_8204_b203.spec.fits","3.53771474","-30.35492258","203","jw08204001001_01_msa.fits","203","PRISM_CLEAR","2188.3","0.55","5.5","-0.1","-0.006","2025-11-06 14:45:42.664","0.9.13.dev13+g833a53735","-","0","2.9012","2.9012","1","GBr","","","","FITS   d2d","","","0",""
"abell2744-greene-v4","abell2744-greene-v4_prism-clear_8204_b96.spec.fits","3.56878113","-30.387128","96","jw08204001001_01_msa.fits","96","PRISM_CLEAR","2188.3","2.61","5.5","-0.1","-0.007","2025-11-06 15:08:27.805","0.9.13.dev13+g833a53735","-","0","7.8869","7.8869","1","GBr","","","","FITS   d2d","","","0",""
"abell2744-greene-v4","abell2744-greene-v4_prism-clear_8204_b194.spec.fits","3.53685205","-30.37588678","194","jw08204001001_01_msa.fits","194","PRISM_CLEAR","2188.3","0.55","5.5","-0.2","-0.007","2025-11-06 14:33:41.032","0.9.13.dev13+g833a53735","-","0","7.9583","7.9583","1","GBr","","","","FITS   d2d","","","0",""
"abell2744-greene-v4","abell2744-greene-v4_prism-clear_8204_b15.spec.fits","3.58942099","-30.34925457","15","jw08204001001_01_msa.fits","15","PRISM_CLEAR","2188.3","0.55","5.5","-0.2","-0.007","2025-11-06 14:15:25.974","0.9.13.dev13+g833a53735","-","0","5.5869","5.5869","1","GBr","","","","FITS   d2d","","","0",""
"abell2744-greene-v4","abell2744-greene-v4_prism-clear_8204_b10.spec.fits","3.58950638","-30.38059979","10","jw08204001001_01_msa.fits","10","PRISM_CLEAR","2188.3","0.55","5.5","-0.2","-0.007","2025-11-06 14:51:57.650","0.9.13.dev13+g833a53735","-","0","3.4969","3.4968","1","GBr","","","","FITS   d2d","","","0",""
"abell2744-greene-v4","abell2744-greene-v4_g235m-f170lp_8204_56253.spec.fits","3.53633834","-30.3478609","56253","jw08204001001_01_msa.fits","218","G235M_F170LP","35013.3","1.61","4.58","0","-0.008","2025-11-06 14:56:25.305","0.9.13.dev13+g833a53735","-","0","","","-1","","","","","FITS   d2d","","","0",""
"abell2744-greene-v4","abell2744-greene-v4_prism-clear_8204_b200.spec.fits","3.53785473","-30.35390523","200","jw08204001001_01_msa.fits","200","PRISM_CLEAR","2188.3","0.55","5.5","-0.1","-0.008","2025-11-06 14:36:20.823","0.9.13.dev13+g833a53735","-","0","","","-1","","","","","FITS   d2d","","","0",""
"abell2744-greene-v4","abell2744-greene-v4_g395m-f290lp_8204_b80.spec.fits","3.57675421","-30.35380029","80","jw08204001001_01_msa.fits","80","G395M_F290LP","8753.3","2.69","5.5","0","-0.008","2025-11-06 15:09:24.460","0.9.13.dev13+g833a53735","-","0","","","-1","","","","","FITS   d2d","","","0",""
"abell2744-greene-v4","abell2744-greene-v4_g395m-f290lp_8204_b162.spec.fits","3.54463665","-30.3926332","162","jw08204001001_01_msa.fits","162","G395M_F290LP","8753.3","2.69","5.5","0","-0.008","2025-11-06 14:37:42.575","0.9.13.dev13+g833a53735","-","0","","","-1","","","","","FITS   d2d","","","0",""
"abell2744-greene-v4","abell2744-greene-v4_g235m-f170lp_8204_b206.spec.fits","3.53742011","-30.35884591","206","jw08204001001_01_msa.fits","206","G235M_F170LP","35013.3","1.61","4.58","-0.1","-0.009","2025-11-06 14:44:16.544","0.9.13.dev13+g833a53735","-","0","","","-1","","","","","FITS   d2d","","","0",""
"abell2744-greene-v4","abell2744-greene-v4_g235m-f170lp_8204_b72.spec.fits","3.57621795","-30.38549804","72","jw08204001001_01_msa.fits","72","G235M_F170LP","35013.3","1.61","4.02","-0.1","-0.009","2025-11-06 15:09:45.704","0.9.13.dev13+g833a53735","-","0","","","-1","","","","","FITS   d2d","","","0",""
"abell2744-greene-v4","abell2744-greene-v4_g235m-f170lp_8204_b59.spec.fits","3.5765737","-30.3832542","59","jw08204001001_01_msa.fits","59","G235M_F170LP","35013.3","1.61","4.01","-0.1","-0.01","2025-11-06 14:14:57.574","0.9.13.dev13+g833a53735","-","0","","","-1","","","","","FITS   d2d","","","0",""
"abell2744-greene-v4","abell2744-greene-v4_g235m-f170lp_8204_b10.spec.fits","3.58950711","-30.38058511","10","jw08204001001_01_msa.fits","10","G235M_F170LP","35013.3","1.61","3.61","-0.1","-0.01","2025-11-06 14:52:15.082","0.9.13.dev13+g833a53735","-","0","","","-1","","","","","FITS   d2d","","","0",""
"abell2744-greene-v4","abell2744-greene-v4_g395m-f290lp_8204_b66.spec.fits","3.57645564","-30.38399205","66","jw08204001001_01_msa.fits","66","G395M_F290LP","8753.3","2.69","5.5","-0.1","-0.012","2025-11-06 15:04:04.758","0.9.13.dev13+g833a53735","-","0","","","-1","","","","","FITS   d2d","","","0",""
"abell2744-greene-v4","abell2744-greene-v4_prism-clear_8204_b206.spec.fits","3.53741937","-30.35886059","206","jw08204001001_01_msa.fits","206","PRISM_CLEAR","2188.3","0.55","5.5","-0.2","-0.012","2025-11-06 14:44:02.677","0.9.13.dev13+g833a53735","-","0","0.6147","0.6148","1","GBr","","","","FITS   d2d","","","0",""
"abell2744-greene-v4","abell2744-greene-v4_prism-clear_8204_b199.spec.fits","3.53636922","-30.38164834","199","jw08204001001_01_msa.fits","199","PRISM_CLEAR","2188.3","0.55","5.5","-0.2","-0.012","2025-11-06 14:20:39.480","0.9.13.dev13+g833a53735","-","0","","","-1","","","","","FITS   d2d","","","0",""
"abell2744-greene-v4","abell2744-greene-v4_g395m-f290lp_8204_b213.spec.fits","3.53819405","-30.34095635","213","jw08204001001_01_msa.fits","213","G395M_F290LP","8753.3","2.69","5.5","-0.1","-0.012","2025-11-06 15:11:46.743","0.9.13.dev13+g833a53735","-","0","","","-1","","","","","FITS   d2d","","","0",""
"abell2744-greene-v4","abell2744-greene-v4_g235m-f170lp_8204_b28.spec.fits","3.58758867","-30.3580966","28","jw08204001001_01_msa.fits","28","G235M_F170LP","35013.3","1.61","3.73","-0.1","-0.015","2025-11-06 14:52:08.438","0.9.13.dev13+g833a53735","-","0","","","-1","","","","","FITS   d2d","","","0",""
"abell2744-greene-v4","abell2744-greene-v4_g235m-f170lp_8204_b78.spec.fits","3.57708637","-30.35016986","78","jw08204001001_01_msa.fits","78","G235M_F170LP","35013.3","1.61","4.09","-0.1","-0.016","2025-11-06 14:25:52.643","0.9.13.dev13+g833a53735","-","0","","","-1","","","","","FITS   d2d","","","0",""
"abell2744-greene-v4","abell2744-greene-v4_prism-clear_8204_b99.spec.fits","3.56856832","-30.38801298","99","jw08204001001_01_msa.fits","99","PRISM_CLEAR","2188.3","2.75","5.5","-0.3","-0.016","2025-11-06 15:03:41.046","0.9.13.dev13+g833a53735","-","0","7.3068","7.3068","1","GBr","","","","FITS   d2d","","","0",""
"abell2744-greene-v4","abell2744-greene-v4_g395m-f290lp_8204_b230.spec.fits","3.52836329","-30.37444043","230","jw08204001001_01_msa.fits","230","G395M_F290LP","8753.3","2.69","5.41","-0.1","-0.017","2025-11-06 14:43:07.013","0.9.13.dev13+g833a53735","-","0","","","-1","","","","","FITS   d2d","","","0",""
"abell2744-greene-v4","abell2744-greene-v4_g395m-f290lp_8204_b54.spec.fits","3.58103935","-30.34230193","54","jw08204001001_01_msa.fits","54","G395M_F290LP","8753.3","3.01","5.5","-0.1","-0.017","2025-11-06 14:50:45.310","0.9.13.dev13+g833a53735","-","0","","","-1","","","","","FITS   d2d","","","0",""
"abell2744-greene-v4","abell2744-greene-v4_prism-clear_8204_b80.spec.fits","3.57675493","-30.35378561","80","jw08204001001_01_msa.fits","80","PRISM_CLEAR","2188.3","0.55","5.5","-0.4","-0.017","2025-11-06 15:09:18.580","0.9.13.dev13+g833a53735","-","0","","","-1","","","","","FITS   d2d","","","0",""
"abell2744-greene-v4","abell2744-greene-v4_g235m-f170lp_8204_b77.spec.fits","3.57721535","-30.34919934","77","jw08204001001_01_msa.fits","77","G235M_F170LP","35013.3","1.61","4.09","-0.1","-0.019","2025-11-06 14:39:49.258","0.9.13.dev13+g833a53735","-","0","","","-1","","","","","FITS   d2d","","","0",""
"abell2744-greene-v4","abell2744-greene-v4_prism-clear_8204_b28.spec.fits","3.5875894","-30.35808191","28","jw08204001001_01_msa.fits","28","PRISM_CLEAR","2188.3","0.55","5.5","-0.3","-0.019","2025-11-06 14:51:58.754","0.9.13.dev13+g833a53735","-","0","","","-1","","","","","FITS   d2d","","","0",""
"abell2744-greene-v4","abell2744-greene-v4_g235m-f170lp_8204_b230.spec.fits","3.52836476","-30.37441107","230","jw08204001001_01_msa.fits","230","G235M_F170LP","35013.3","1.61","4.58","-0.1","-0.02","2025-11-06 14:43:17.825","0.9.13.dev13+g833a53735","-","0","","","-1","","","","","FITS   d2d","","","0",""
"abell2744-greene-v4","abell2744-greene-v4_g235m-f170lp_8204_b194.spec.fits","3.53685279","-30.3758721","194","jw08204001001_01_msa.fits","194","G235M_F170LP","35013.3","1.61","4.58","-0.1","-0.02","2025-11-06 14:33:55.136","0.9.13.dev13+g833a53735","-","0","","","-1","","","","","FITS   d2d","","","0",""
"abell2744-greene-v4","abell2744-greene-v4_g235m-f170lp_8204_b80.spec.fits","3.57675421","-30.35380029","80","jw08204001001_01_msa.fits","80","G235M_F170LP","35013.3","1.61","4.09","-0.2","-0.021","2025-11-06 15:09:31.768","0.9.13.dev13+g833a53735","-","0","","","-1","","","","","FITS   d2d","","","0",""
"abell2744-greene-v4","abell2744-greene-v4_g235m-f170lp_8204_b199.spec.fits","3.53636996","-30.38163366","199","jw08204001001_01_msa.fits","199","G235M_F170LP","35013.3","1.61","4.58","-0.1","-0.021","2025-11-06 14:20:51.976","0.9.13.dev13+g833a53735","-","0","","","-1","","","","","FITS   d2d","","","0",""
"abell2744-greene-v4","abell2744-greene-v4_g395m-f290lp_8204_b156.spec.fits","3.54814796","-30.35099537","156","jw08204001001_01_msa.fits","156","G395M_F290LP","8753.3","2.69","5.5","-0.2","-0.021","2025-11-06 14:33:22.312","0.9.13.dev13+g833a53735","-","0","","","-1","","","","","FITS   d2d","","","0",""
"abell2744-greene-v4","abell2744-greene-v4_g235m-f170lp_8204_b191.spec.fits","3.53625381","-30.38861944","191","jw08204001001_01_msa.fits","191","G235M_F170LP","35013.3","1.61","4.58","-0.1","-0.021","2025-11-06 13:53:50.981","0.9.13.dev13+g833a53735","-","0","","","-1","","","","","FITS   d2d","","","0",""
"abell2744-greene-v4","abell2744-greene-v4_g395m-f290lp_8204_47883.spec.fits","3.56818896","-30.36254039","106","jw08204001001_01_msa.fits","106","G395M_F290LP","8753.3","2.69","5.5","-0.1","-0.023","2025-11-06 14:19:44.225","0.9.13.dev13+g833a53735","-","0","5.1515","5.1515","3","Auto","Redshift matches abell2744-greene-v4_prism-clear_8204_47883 z=5.1495","","","FITS   d2d","","","0",""
"abell2744-greene-v4","abell2744-greene-v4_g235m-f170lp_8204_b162.spec.fits","3.54463518","-30.39266256","162","jw08204001001_01_msa.fits","162","G235M_F170LP","35013.3","1.61","4.58","-0.1","-0.024","2025-11-06 14:37:50.143","0.9.13.dev13+g833a53735","-","0","","","-1","","","","","FITS   d2d","","","0",""
"abell2744-greene-v4","abell2744-greene-v4_g395m-f290lp_8204_b15.spec.fits","3.58942026","-30.34926925","15","jw08204001001_01_msa.fits","15","G395M_F290LP","8753.3","2.69","5.5","-0.2","-0.027","2025-11-06 14:15:33.382","0.9.13.dev13+g833a53735","-","0","","","-1","","","","","FITS   d2d","","","0",""
"abell2744-greene-v4","abell2744-greene-v4_g235m-f170lp_8204_b54.spec.fits","3.58103935","-30.34230193","54","jw08204001001_01_msa.fits","54","G235M_F170LP","35013.3","1.61","3.99","-0.3","-0.028","2025-11-06 14:50:56.838","0.9.13.dev13+g833a53735","-","0","","","-1","","","","","FITS   d2d","","","0",""
"abell2744-greene-v4","abell2744-greene-v4_g235m-f170lp_8204_b156.spec.fits","3.54814796","-30.35099537","156","jw08204001001_01_msa.fits","156","G235M_F170LP","35013.3","1.61","4.58","-0.2","-0.028","2025-11-06 14:33:31.800","0.9.13.dev13+g833a53735","-","0","","","-1","","","","","FITS   d2d","","","0",""
"abell2744-greene-v4","abell2744-greene-v4_g235m-f170lp_8204_b66.spec.fits","3.57645418","-30.38402141","66","jw08204001001_01_msa.fits","66","G235M_F170LP","35013.3","1.61","4.01","-0.1","-0.028","2025-11-06 15:04:15.966","0.9.13.dev13+g833a53735","-","0","","","-1","","","","","FITS   d2d","","","0",""
"abell2744-greene-v4","abell2744-greene-v4_g395m-f290lp_8204_b99.spec.fits","3.56856905","-30.3879983","99","jw08204001001_01_msa.fits","99","G395M_F290LP","8753.3","2.69","5.5","-0.2","-0.037","2025-11-06 15:03:45.334","0.9.13.dev13+g833a53735","-","0","","","-1","","","","","FITS   d2d","","","0",""
"abell2744-greene-v4","abell2744-greene-v4_g235m-f170lp_8204_b99.spec.fits","3.56856759","-30.38802766","99","jw08204001001_01_msa.fits","99","G235M_F170LP","35013.3","1.61","4.25","-0.3","-0.038","2025-11-06 15:03:52.434","0.9.13.dev13+g833a53735","-","0","","","-1","","","","","FITS   d2d","","","0",""
"abell2744-greene-v4","abell2744-greene-v4_g235m-f170lp_8204_b15.spec.fits","3.58942026","-30.34926925","15","jw08204001001_01_msa.fits","15","G235M_F170LP","35013.3","1.61","3.7","-0.3","-0.038","2025-11-06 14:15:41.474","0.9.13.dev13+g833a53735","-","0","","","-1","","","","","FITS   d2d","","","0",""
"abell2744-greene-v4","abell2744-greene-v4_g395m-f290lp_8204_b198.spec.fits","3.53828563","-30.34737777","198","jw08204001001_01_msa.fits","198","G395M_F290LP","8753.3","2.69","5.5","-0.2","-0.041","2025-11-06 15:03:18.226","0.9.13.dev13+g833a53735","-","0","","","-1","","","","","FITS   d2d","","","0",""
"abell2744-greene-v4","abell2744-greene-v4_g235m-f170lp_8204_b9.spec.fits","3.58956165","-30.38140283","9","jw08204001001_01_msa.fits","9","G235M_F170LP","35013.3","1.61","3.61","-0.3","-0.045","2025-11-06 14:42:50.953","0.9.13.dev13+g833a53735","-","0","","","-1","","","","","FITS   d2d","","","0",""
"abell2744-greene-v4","abell2744-greene-v4_g235m-f170lp_8204_36123.spec.fits","3.59052065","-30.37974053","36123","jw08204001001_01_msa.fits","4","G235M_F170LP","35013.3","1.6","3.58","-0.3","-0.046","2025-11-06 14:27:17.226","0.9.13.dev13+g833a53735","-","0","","","-1","","","","","FITS   d2d","","","0",""
"abell2744-greene-v4","abell2744-greene-v4_g235m-f170lp_8204_b148.spec.fits","3.54888532","-30.37897769","148","jw08204001001_01_msa.fits","148","G235M_F170LP","35013.3","1.61","4.58","-0.2","-0.048","2025-11-06 14:09:24.588","0.9.13.dev13+g833a53735","-","0","","","-1","","","","","FITS   d2d","","","0",""
"abell2744-greene-v4","abell2744-greene-v4_g395m-f290lp_8204_b141.spec.fits","3.55017073","-30.38785956","141","jw08204001001_01_msa.fits","141","G395M_F290LP","8753.3","2.69","5.5","-0.3","-0.048","2025-11-06 14:01:53.927","0.9.13.dev13+g833a53735","-","0","","","-1","","","","","FITS   d2d","","","0",""
"abell2744-greene-v4","abell2744-greene-v4_g235m-f170lp_8204_b221.spec.fits","3.53472696","-30.34159215","221","jw08204001001_01_msa.fits","221","G235M_F170LP","35013.3","1.61","4.58","-0.5","-0.05","2025-11-06 14:14:39.494","0.9.13.dev13+g833a53735","-","0","","","-1","","","","","FITS   d2d","","","0",""
"abell2744-greene-v4","abell2744-greene-v4_g395m-f290lp_8204_b225.spec.fits","3.53396148","-30.34306023","225","jw08204001001_01_msa.fits","225","G395M_F290LP","8753.3","2.69","5.29","-0.4","-0.058","2025-11-06 14:36:30.383","0.9.13.dev13+g833a53735","-","0","","","-1","","","","","FITS   d2d","","","0",""
"abell2744-greene-v4","abell2744-greene-v4_g235m-f170lp_8204_b200.spec.fits","3.53785399","-30.35391991","200","jw08204001001_01_msa.fits","200","G235M_F170LP","35013.3","1.61","4.58","-0.5","-0.077","2025-11-06 14:36:39.087","0.9.13.dev13+g833a53735","-","0","","","-1","","","","","FITS   d2d","","","0",""
"abell2744-greene-v4","abell2744-greene-v4_g235m-f170lp_8204_b225.spec.fits","3.53396148","-30.34306023","225","jw08204001001_01_msa.fits","225","G235M_F170LP","35013.3","1.61","4.58","-0.6","-0.079","2025-11-06 14:36:42.987","0.9.13.dev13+g833a53735","-","0","","","-1","","","","","FITS   d2d","","","0",""
"abell2744-greene-v4","abell2744-greene-v4_prism-clear_8204_b229.spec.fits","3.52876726","-30.37806378","229","jw08204001001_01_msa.fits","229","PRISM_CLEAR","2188.3","0.55","5.5","-1.9","-0.094","2025-11-06 13:51:01.050","0.9.13.dev13+g833a53735","-","0","","","-1","","","","","FITS   d2d","","","0",""
"abell2744-greene-v4","abell2744-greene-v4_prism-clear_8204_31141.spec.fits","3.57003185","-30.38852781","31141","jw08204001001_01_msa.fits","89","PRISM_CLEAR","2188.3","2.08","5.5","-0.6","-0.101","2025-11-06 13:52:33.830","0.9.13.dev13+g833a53735","-","0","","","-1","","","","","FITS   d2d","","","0",""
"abell2744-greene-v4","abell2744-greene-v4_g235m-f170lp_8204_b198.spec.fits","3.5382871","-30.34734841","198","jw08204001001_01_msa.fits","198","G235M_F170LP","35013.3","1.61","4.58","-0.6","-0.106","2025-11-06 15:03:25.674","0.9.13.dev13+g833a53735","-","0","","","-1","","","","","FITS   d2d","","","0",""
"abell2744-greene-v4","abell2744-greene-v4_g395m-f290lp_8204_b229.spec.fits","3.52876652","-30.37807846","229","jw08204001001_01_msa.fits","229","G395M_F290LP","8753.3","2.69","5.37","-0.9","-0.111","2025-11-06 13:51:06.566","0.9.13.dev13+g833a53735","-","0","","","-1","","","","","FITS   d2d","","","0",""
"abell2744-greene-v4","abell2744-greene-v4_g235m-f170lp_8204_b229.spec.fits","3.52876799","-30.3780491","229","jw08204001001_01_msa.fits","229","G235M_F170LP","35013.3","1.61","4.58","-1.6","-0.176","2025-11-06 13:51:15.902","0.9.13.dev13+g833a53735","-","0","","","-1","","","","","FITS   d2d","","","0",""
"abell2744-greene-v4","abell2744-greene-v4_g235m-f170lp_8204_b141.spec.fits","3.5501722","-30.3878302","141","jw08204001001_01_msa.fits","141","G235M_F170LP","35013.3","1.61","4.58","-1.1","-0.203","2025-11-06 14:02:03.763","0.9.13.dev13+g833a53735","-","0","","","-1","","","","","FITS   d2d","","","0",""
"abell2744-greene-v4","abell2744-greene-v4_g395m-f290lp_8204_31141.spec.fits","3.57003185","-30.38852781","31141","jw08204001001_01_msa.fits","89","G395M_F290LP","8753.3","2.69","5.5","-0.5","-0.204","2025-11-06 13:52:41.238","0.9.13.dev13+g833a53735","-","0","","","-1","","","","","FITS   d2d","","","0",""
"abell2744-greene-v4","abell2744-greene-v4_g235m-f170lp_8204_b197.spec.fits","3.53822586","-30.34851026","197","jw08204001001_01_msa.fits","197","G235M_F170LP","35013.3","1.61","4.58","-3","-0.369","2025-11-06 14:22:48.704","0.9.13.dev13+g833a53735","-","0","","","-1","","","","","FITS   d2d","","","0",""
"abell2744-greene-v4","abell2744-greene-v4_prism-clear_8204_b197.spec.fits","3.53822512","-30.34852494","197","jw08204001001_01_msa.fits","197","PRISM_CLEAR","2188.3","0.55","5.5","-6","-0.391","2025-11-06 14:22:34.144","0.9.13.dev13+g833a53735","-","0","","","-1","","","","","FITS   d2d","","","0",""
"abell2744-greene-v4","abell2744-greene-v4_g235m-f170lp_8204_31141.spec.fits","3.57003185","-30.38852781","31141","jw08204001001_01_msa.fits","89","G235M_F170LP","35013.3","1.61","4.21","-1","-0.401","2025-11-06 13:52:48.946","0.9.13.dev13+g833a53735","-","0","","","-1","","","","","FITS   d2d","","","0",""
"abell2744-greene-v4","abell2744-greene-v4_g395m-f290lp_8204_b197.spec.fits","3.53822439","-30.34853962","197","jw08204001001_01_msa.fits","197","G395M_F290LP","8753.3","2.69","5.5","-3.5","-0.452","2025-11-06 14:22:30.544","0.9.13.dev13+g833a53735","-","0","","","-1","","","","","FITS   d2d","","","0",""